{
    "kind": "youtube#playlistItemListResponse",
    "etag": "\"XpPGQXPnxQJhLgs6enD_n8JR4Qk/uKB5t0OGqStlHXUUl2nUM4v5i5E\"",
    "pageInfo": {
        "totalResults": 38,
        "resultsPerPage": 50
    },
    "items": [
        {
            "kind": "youtube#playlistItem",
            "etag": "\"XpPGQXPnxQJhLgs6enD_n8JR4Qk/0pApAw4GrcvwPgOSZpOmbPeA6f0\"",
            "id": "UExhWE90MG5TTkl1Yk8xaEhZek8zUmhBMDN0UDRvX0JJRi4yQUE2Q0JEMTk4NTM3RTZC",
            "snippet": {
                "publishedAt": "2018-11-16T15:17:19.000Z",
                "channelId": "UCCduNupcztaN9sFrHV-fDIg",
                "title": "Bunga - Lagu Terbaik (Minggu Kedua) | #SFMM33",
                "description": "Saksikan Semi Final Muzik-Muzik 33 minggu kedua !\nMinggu pertama SFMM akan menyaksikan 11 lagu yang akan dipertandingkan untuk Anugerah Juara Lagu 33 :\n\n1. Altimet - Bunga\n2. Khai Bahar - Luluh\n3. Khai Bahar & Fatin Husna - Rahsia Kita\n4. Akim & The Majistret - Stereotype\n5. Aman Aziz - Sulit\n6. Ara Johari - Bunga\n7. Shiha Zikir - Jagakan Dia\n8. Hael Husaini & Dayang Nurfaizah - Haram\n9. Ismail Izzani - Demi Kita\n10. Stacy - Cakap Ke Tangan\n11. Syamel - Kau Pun Sama \n\nLagu manakah yang bakal mara ke Anugerah Juara Lagu ke-33 ? \nSaksikan Semi Final Muzik-Muzik selama 3 minggu bermula Jumaat 9 November , jam 9 malam di TV3 dan juga strim LIVE di Youtube TV3Malaysia !\n\nFollow kami di FB , IG dan twitter @tv3malaysia untuk update terkini #ASK2018.",
                "thumbnails": {
                    "default": {
                        "url": "https://i.ytimg.com/vi/pdXhOnmasTs/default.jpg",
                        "width": 120,
                        "height": 90
                    },
                    "medium": {
                        "url": "https://i.ytimg.com/vi/pdXhOnmasTs/mqdefault.jpg",
                        "width": 320,
                        "height": 180
                    },
                    "high": {
                        "url": "https://i.ytimg.com/vi/pdXhOnmasTs/hqdefault.jpg",
                        "width": 480,
                        "height": 360
                    },
                    "standard": {
                        "url": "https://i.ytimg.com/vi/pdXhOnmasTs/sddefault.jpg",
                        "width": 640,
                        "height": 480
                    },
                    "maxres": {
                        "url": "https://i.ytimg.com/vi/pdXhOnmasTs/maxresdefault.jpg",
                        "width": 1280,
                        "height": 720
                    }
                },
                "channelTitle": "TV3MALAYSIA Official",
                "playlistId": "PLaXOt0nSNIubO1hHYzO3RhA03tP4o_BIF",
                "position": 0,
                "resourceId": {
                    "kind": "youtube#video",
                    "videoId": "pdXhOnmasTs"
                }
            }
        },
        {
            "kind": "youtube#playlistItem",
            "etag": "\"XpPGQXPnxQJhLgs6enD_n8JR4Qk/yMFBWkXF2QAtHSGWJ2M8OoF71JA\"",
            "id": "UExhWE90MG5TTkl1Yk8xaEhZek8zUmhBMDN0UDRvX0JJRi45NzUwQkI1M0UxNThBMkU0",
            "snippet": {
                "publishedAt": "2018-11-16T14:29:21.000Z",
                "channelId": "UCCduNupcztaN9sFrHV-fDIg",
                "title": "Luluh - Khai Bahar | #SFMM33",
                "description": "Saksikan Semi Final Muzik-Muzik 33 minggu kedua !\nMinggu pertama SFMM akan menyaksikan 11 lagu yang akan dipertandingkan untuk Anugerah Juara Lagu 33 :\n\n1. Altimet - Bunga\n2. Khai Bahar - Luluh\n3. Khai Bahar & Fatin Husna - Rahsia Kita\n4. Akim & The Majistret - Stereotype\n5. Aman Aziz - Sulit\n6. Ara Johari - Bunga\n7. Shiha Zikir - Jagakan Dia\n8. Hael Husaini & Dayang Nurfaizah - Haram\n9. Ismail Izzani - Demi Kita\n10. Stacy - Cakap Ke Tangan\n11. Syamel - Kau Pun Sama \n\nLagu manakah yang bakal mara ke Anugerah Juara Lagu ke-33 ? \nSaksikan Semi Final Muzik-Muzik selama 3 minggu bermula Jumaat 9 November , jam 9 malam di TV3 dan juga strim LIVE di Youtube TV3Malaysia !\n\nFollow kami di FB , IG dan twitter @tv3malaysia untuk update terkini #ASK2018.",
                "thumbnails": {
                    "default": {
                        "url": "https://i.ytimg.com/vi/I7zv-Y2Tiz0/default.jpg",
                        "width": 120,
                        "height": 90
                    },
                    "medium": {
                        "url": "https://i.ytimg.com/vi/I7zv-Y2Tiz0/mqdefault.jpg",
                        "width": 320,
                        "height": 180
                    },
                    "high": {
                        "url": "https://i.ytimg.com/vi/I7zv-Y2Tiz0/hqdefault.jpg",
                        "width": 480,
                        "height": 360
                    },
                    "standard": {
                        "url": "https://i.ytimg.com/vi/I7zv-Y2Tiz0/sddefault.jpg",
                        "width": 640,
                        "height": 480
                    },
                    "maxres": {
                        "url": "https://i.ytimg.com/vi/I7zv-Y2Tiz0/maxresdefault.jpg",
                        "width": 1280,
                        "height": 720
                    }
                },
                "channelTitle": "TV3MALAYSIA Official",
                "playlistId": "PLaXOt0nSNIubO1hHYzO3RhA03tP4o_BIF",
                "position": 1,
                "resourceId": {
                    "kind": "youtube#video",
                    "videoId": "I7zv-Y2Tiz0"
                }
            }
        },
        {
            "kind": "youtube#playlistItem",
            "etag": "\"XpPGQXPnxQJhLgs6enD_n8JR4Qk/aaDyOjon3V-pDzvk9u-uBs1_oXU\"",
            "id": "UExhWE90MG5TTkl1Yk8xaEhZek8zUmhBMDN0UDRvX0JJRi43MTI1NDIwOTMwQjIxMzNG",
            "snippet": {
                "publishedAt": "2018-11-16T14:45:09.000Z",
                "channelId": "UCCduNupcztaN9sFrHV-fDIg",
                "title": "Haram - Hael Husaini & Dayang Nurfaizah | #SFMM33",
                "description": "Saksikan Semi Final Muzik-Muzik 33 minggu kedua !\nMinggu pertama SFMM akan menyaksikan 11 lagu yang akan dipertandingkan untuk Anugerah Juara Lagu 33 :\n\n1. Altimet - Bunga\n2. Khai Bahar - Luluh\n3. Khai Bahar & Fatin Husna - Rahsia Kita\n4. Akim & The Majistret - Stereotype\n5. Aman Aziz - Sulit\n6. Ara Johari - Bunga\n7. Shiha Zikir - Jagakan Dia\n8. Hael Husaini & Dayang Nurfaizah - Haram\n9. Ismail Izzani - Demi Kita\n10. Stacy - Cakap Ke Tangan\n11. Syamel - Kau Pun Sama \n\nLagu manakah yang bakal mara ke Anugerah Juara Lagu ke-33 ? \nSaksikan Semi Final Muzik-Muzik selama 3 minggu bermula Jumaat 9 November , jam 9 malam di TV3 dan juga strim LIVE di Youtube TV3Malaysia !\n\nFollow kami di FB , IG dan twitter @tv3malaysia untuk update terkini #ASK2018.",
                "thumbnails": {
                    "default": {
                        "url": "https://i.ytimg.com/vi/F46CMsuOrv4/default.jpg",
                        "width": 120,
                        "height": 90
                    },
                    "medium": {
                        "url": "https://i.ytimg.com/vi/F46CMsuOrv4/mqdefault.jpg",
                        "width": 320,
                        "height": 180
                    },
                    "high": {
                        "url": "https://i.ytimg.com/vi/F46CMsuOrv4/hqdefault.jpg",
                        "width": 480,
                        "height": 360
                    },
                    "standard": {
                        "url": "https://i.ytimg.com/vi/F46CMsuOrv4/sddefault.jpg",
                        "width": 640,
                        "height": 480
                    },
                    "maxres": {
                        "url": "https://i.ytimg.com/vi/F46CMsuOrv4/maxresdefault.jpg",
                        "width": 1280,
                        "height": 720
                    }
                },
                "channelTitle": "TV3MALAYSIA Official",
                "playlistId": "PLaXOt0nSNIubO1hHYzO3RhA03tP4o_BIF",
                "position": 2,
                "resourceId": {
                    "kind": "youtube#video",
                    "videoId": "F46CMsuOrv4"
                }
            }
        },
        {
            "kind": "youtube#playlistItem",
            "etag": "\"XpPGQXPnxQJhLgs6enD_n8JR4Qk/NxvxtEzE-4SZAOAfrjZHwrWBjZo\"",
            "id": "UExhWE90MG5TTkl1Yk8xaEhZek8zUmhBMDN0UDRvX0JJRi5DNzE1RjZEMUZCMjA0RDBB",
            "snippet": {
                "publishedAt": "2018-11-16T14:40:43.000Z",
                "channelId": "UCCduNupcztaN9sFrHV-fDIg",
                "title": "Bunga - Altimet | #SFMM33",
                "description": "Saksikan Semi Final Muzik-Muzik 33 minggu kedua !\nMinggu pertama SFMM akan menyaksikan 11 lagu yang akan dipertandingkan untuk Anugerah Juara Lagu 33 :\n\n1. Altimet - Bunga\n2. Khai Bahar - Luluh\n3. Khai Bahar & Fatin Husna - Rahsia Kita\n4. Akim & The Majistret - Stereotype\n5. Aman Aziz - Sulit\n6. Ara Johari - Bunga\n7. Shiha Zikir - Jagakan Dia\n8. Hael Husaini & Dayang Nurfaizah - Haram\n9. Ismail Izzani - Demi Kita\n10. Stacy - Cakap Ke Tangan\n11. Syamel - Kau Pun Sama \n\nLagu manakah yang bakal mara ke Anugerah Juara Lagu ke-33 ? \nSaksikan Semi Final Muzik-Muzik selama 3 minggu bermula Jumaat 9 November , jam 9 malam di TV3 dan juga strim LIVE di Youtube TV3Malaysia !\n\nFollow kami di FB , IG dan twitter @tv3malaysia untuk update terkini #ASK2018.",
                "thumbnails": {
                    "default": {
                        "url": "https://i.ytimg.com/vi/ojAQOAoRKnU/default.jpg",
                        "width": 120,
                        "height": 90
                    },
                    "medium": {
                        "url": "https://i.ytimg.com/vi/ojAQOAoRKnU/mqdefault.jpg",
                        "width": 320,
                        "height": 180
                    },
                    "high": {
                        "url": "https://i.ytimg.com/vi/ojAQOAoRKnU/hqdefault.jpg",
                        "width": 480,
                        "height": 360
                    },
                    "standard": {
                        "url": "https://i.ytimg.com/vi/ojAQOAoRKnU/sddefault.jpg",
                        "width": 640,
                        "height": 480
                    },
                    "maxres": {
                        "url": "https://i.ytimg.com/vi/ojAQOAoRKnU/maxresdefault.jpg",
                        "width": 1280,
                        "height": 720
                    }
                },
                "channelTitle": "TV3MALAYSIA Official",
                "playlistId": "PLaXOt0nSNIubO1hHYzO3RhA03tP4o_BIF",
                "position": 3,
                "resourceId": {
                    "kind": "youtube#video",
                    "videoId": "ojAQOAoRKnU"
                }
            }
        },
        {
            "kind": "youtube#playlistItem",
            "etag": "\"XpPGQXPnxQJhLgs6enD_n8JR4Qk/bW6KPf2KnaVRh3ixW48GOOBOSB4\"",
            "id": "UExhWE90MG5TTkl1Yk8xaEhZek8zUmhBMDN0UDRvX0JJRi5DQ0MyQ0Y4Mzg0M0VGOEYw",
            "snippet": {
                "publishedAt": "2018-11-16T15:08:11.000Z",
                "channelId": "UCCduNupcztaN9sFrHV-fDIg",
                "title": "Masih Jelas & Cinta - Hafiz Suip & Flop Poppy | #SFMM33",
                "description": "Saksikan Semi Final Muzik-Muzik 33 minggu kedua !\nMinggu pertama SFMM akan menyaksikan 11 lagu yang akan dipertandingkan untuk Anugerah Juara Lagu 33 :\n\n1. Altimet - Bunga\n2. Khai Bahar - Luluh\n3. Khai Bahar & Fatin Husna - Rahsia Kita\n4. Akim & The Majistret - Stereotype\n5. Aman Aziz - Sulit\n6. Ara Johari - Bunga\n7. Shiha Zikir - Jagakan Dia\n8. Hael Husaini & Dayang Nurfaizah - Haram\n9. Ismail Izzani - Demi Kita\n10. Stacy - Cakap Ke Tangan\n11. Syamel - Kau Pun Sama \n\nLagu manakah yang bakal mara ke Anugerah Juara Lagu ke-33 ? \nSaksikan Semi Final Muzik-Muzik selama 3 minggu bermula Jumaat 9 November , jam 9 malam di TV3 dan juga strim LIVE di Youtube TV3Malaysia !\n\nFollow kami di FB , IG dan twitter @tv3malaysia untuk update terkini #ASK2018.",
                "thumbnails": {
                    "default": {
                        "url": "https://i.ytimg.com/vi/LKYY4DRCIps/default.jpg",
                        "width": 120,
                        "height": 90
                    },
                    "medium": {
                        "url": "https://i.ytimg.com/vi/LKYY4DRCIps/mqdefault.jpg",
                        "width": 320,
                        "height": 180
                    },
                    "high": {
                        "url": "https://i.ytimg.com/vi/LKYY4DRCIps/hqdefault.jpg",
                        "width": 480,
                        "height": 360
                    },
                    "standard": {
                        "url": "https://i.ytimg.com/vi/LKYY4DRCIps/sddefault.jpg",
                        "width": 640,
                        "height": 480
                    },
                    "maxres": {
                        "url": "https://i.ytimg.com/vi/LKYY4DRCIps/maxresdefault.jpg",
                        "width": 1280,
                        "height": 720
                    }
                },
                "channelTitle": "TV3MALAYSIA Official",
                "playlistId": "PLaXOt0nSNIubO1hHYzO3RhA03tP4o_BIF",
                "position": 4,
                "resourceId": {
                    "kind": "youtube#video",
                    "videoId": "LKYY4DRCIps"
                }
            }
        },
        {
            "kind": "youtube#playlistItem",
            "etag": "\"XpPGQXPnxQJhLgs6enD_n8JR4Qk/O-xWQCfI2x0EWoargr40dxx8L_A\"",
            "id": "UExhWE90MG5TTkl1Yk8xaEhZek8zUmhBMDN0UDRvX0JJRi4zRjM0MkVCRTg0MkYyQTM0",
            "snippet": {
                "publishedAt": "2018-11-16T14:26:42.000Z",
                "channelId": "UCCduNupcztaN9sFrHV-fDIg",
                "title": "Bunga - Ara Johari | #SFMM33",
                "description": "Saksikan Semi Final Muzik-Muzik 33 minggu kedua !\nMinggu pertama SFMM akan menyaksikan 11 lagu yang akan dipertandingkan untuk Anugerah Juara Lagu 33 :\n\n1. Altimet - Bunga\n2. Khai Bahar - Luluh\n3. Khai Bahar & Fatin Husna - Rahsia Kita\n4. Akim & The Majistret - Stereotype\n5. Aman Aziz - Sulit\n6. Ara Johari - Bunga\n7. Shiha Zikir - Jagakan Dia\n8. Hael Husaini & Dayang Nurfaizah - Haram\n9. Ismail Izzani - Demi Kita\n10. Stacy - Cakap Ke Tangan\n11. Syamel - Kau Pun Sama \n\nLagu manakah yang bakal mara ke Anugerah Juara Lagu ke-33 ? \nSaksikan Semi Final Muzik-Muzik selama 3 minggu bermula Jumaat 9 November , jam 9 malam di TV3 dan juga strim LIVE di Youtube TV3Malaysia !\n\nFollow kami di FB , IG dan twitter @tv3malaysia untuk update terkini #ASK2018.",
                "thumbnails": {
                    "default": {
                        "url": "https://i.ytimg.com/vi/S_9ZWYt4hjY/default.jpg",
                        "width": 120,
                        "height": 90
                    },
                    "medium": {
                        "url": "https://i.ytimg.com/vi/S_9ZWYt4hjY/mqdefault.jpg",
                        "width": 320,
                        "height": 180
                    },
                    "high": {
                        "url": "https://i.ytimg.com/vi/S_9ZWYt4hjY/hqdefault.jpg",
                        "width": 480,
                        "height": 360
                    },
                    "standard": {
                        "url": "https://i.ytimg.com/vi/S_9ZWYt4hjY/sddefault.jpg",
                        "width": 640,
                        "height": 480
                    },
                    "maxres": {
                        "url": "https://i.ytimg.com/vi/S_9ZWYt4hjY/maxresdefault.jpg",
                        "width": 1280,
                        "height": 720
                    }
                },
                "channelTitle": "TV3MALAYSIA Official",
                "playlistId": "PLaXOt0nSNIubO1hHYzO3RhA03tP4o_BIF",
                "position": 5,
                "resourceId": {
                    "kind": "youtube#video",
                    "videoId": "S_9ZWYt4hjY"
                }
            }
        },
        {
            "kind": "youtube#playlistItem",
            "etag": "\"XpPGQXPnxQJhLgs6enD_n8JR4Qk/cEZsCj7Hv7a4ZE0y6gkMyzpVOuc\"",
            "id": "UExhWE90MG5TTkl1Yk8xaEhZek8zUmhBMDN0UDRvX0JJRi5GM0Q3M0MzMzY5NTJFNTdE",
            "snippet": {
                "publishedAt": "2018-11-16T14:23:38.000Z",
                "channelId": "UCCduNupcztaN9sFrHV-fDIg",
                "title": "Cakap Ke Tangan - Stacy | #SFMM33",
                "description": "Saksikan Semi Final Muzik-Muzik 33 minggu kedua !\nMinggu pertama SFMM akan menyaksikan 11 lagu yang akan dipertandingkan untuk Anugerah Juara Lagu 33 :\n\n1. Altimet - Bunga\n2. Khai Bahar - Luluh\n3. Khai Bahar & Fatin Husna - Rahsia Kita\n4. Akim & The Majistret - Stereotype\n5. Aman Aziz - Sulit\n6. Ara Johari - Bunga\n7. Shiha Zikir - Jagakan Dia\n8. Hael Husaini & Dayang Nurfaizah - Haram\n9. Ismail Izzani - Demi Kita\n10. Stacy - Cakap Ke Tangan\n11. Syamel - Kau Pun Sama \n\nLagu manakah yang bakal mara ke Anugerah Juara Lagu ke-33 ? \nSaksikan Semi Final Muzik-Muzik selama 3 minggu bermula Jumaat 9 November , jam 9 malam di TV3 dan juga strim LIVE di Youtube TV3Malaysia !\n\nFollow kami di FB , IG dan twitter @tv3malaysia untuk update terkini #ASK2018",
                "thumbnails": {
                    "default": {
                        "url": "https://i.ytimg.com/vi/hVSvxjFwGnM/default.jpg",
                        "width": 120,
                        "height": 90
                    },
                    "medium": {
                        "url": "https://i.ytimg.com/vi/hVSvxjFwGnM/mqdefault.jpg",
                        "width": 320,
                        "height": 180
                    },
                    "high": {
                        "url": "https://i.ytimg.com/vi/hVSvxjFwGnM/hqdefault.jpg",
                        "width": 480,
                        "height": 360
                    },
                    "standard": {
                        "url": "https://i.ytimg.com/vi/hVSvxjFwGnM/sddefault.jpg",
                        "width": 640,
                        "height": 480
                    },
                    "maxres": {
                        "url": "https://i.ytimg.com/vi/hVSvxjFwGnM/maxresdefault.jpg",
                        "width": 1280,
                        "height": 720
                    }
                },
                "channelTitle": "TV3MALAYSIA Official",
                "playlistId": "PLaXOt0nSNIubO1hHYzO3RhA03tP4o_BIF",
                "position": 6,
                "resourceId": {
                    "kind": "youtube#video",
                    "videoId": "hVSvxjFwGnM"
                }
            }
        },
        {
            "kind": "youtube#playlistItem",
            "etag": "\"XpPGQXPnxQJhLgs6enD_n8JR4Qk/-d-rBCTz3xNvEWVVHzl_xO8jvZI\"",
            "id": "UExhWE90MG5TTkl1Yk8xaEhZek8zUmhBMDN0UDRvX0JJRi4yMDhBMkNBNjRDMjQxQTg1",
            "snippet": {
                "publishedAt": "2018-11-16T14:10:35.000Z",
                "channelId": "UCCduNupcztaN9sFrHV-fDIg",
                "title": "Demi Kita - Ismail Izzani | #SFMM33",
                "description": "Saksikan Semi Final Muzik-Muzik 33 minggu kedua !\nMinggu pertama SFMM akan menyaksikan 11 lagu yang akan dipertandingkan untuk Anugerah Juara Lagu 33 :\n\n1. Altimet - Bunga\n2. Khai Bahar - Luluh\n3. Khai Bahar & Fatin Husna - Rahsia Kita\n4. Akim & The Majistret - Stereotype\n5. Aman Aziz - Sulit\n6. Ara Johari - Bunga\n7. Shiha Zikir - Jagakan Dia\n8. Hael Husaini & Dayang Nurfaizah - Haram\n9. Ismail Izzani - Demi Kita\n10. Stacy - Cakap Ke Tangan\n11. Syamel - Kau Pun Sama \n\nLagu manakah yang bakal mara ke Anugerah Juara Lagu ke-33 ? \nSaksikan Semi Final Muzik-Muzik selama 3 minggu bermula Jumaat 9 November , jam 9 malam di TV3 dan juga strim LIVE di Youtube TV3Malaysia !\n\nFollow kami di FB , IG dan twitter @tv3malaysia untuk update terkini #ASK2018",
                "thumbnails": {
                    "default": {
                        "url": "https://i.ytimg.com/vi/37jsu_4vPQs/default.jpg",
                        "width": 120,
                        "height": 90
                    },
                    "medium": {
                        "url": "https://i.ytimg.com/vi/37jsu_4vPQs/mqdefault.jpg",
                        "width": 320,
                        "height": 180
                    },
                    "high": {
                        "url": "https://i.ytimg.com/vi/37jsu_4vPQs/hqdefault.jpg",
                        "width": 480,
                        "height": 360
                    },
                    "standard": {
                        "url": "https://i.ytimg.com/vi/37jsu_4vPQs/sddefault.jpg",
                        "width": 640,
                        "height": 480
                    },
                    "maxres": {
                        "url": "https://i.ytimg.com/vi/37jsu_4vPQs/maxresdefault.jpg",
                        "width": 1280,
                        "height": 720
                    }
                },
                "channelTitle": "TV3MALAYSIA Official",
                "playlistId": "PLaXOt0nSNIubO1hHYzO3RhA03tP4o_BIF",
                "position": 7,
                "resourceId": {
                    "kind": "youtube#video",
                    "videoId": "37jsu_4vPQs"
                }
            }
        },
        {
            "kind": "youtube#playlistItem",
            "etag": "\"XpPGQXPnxQJhLgs6enD_n8JR4Qk/ox1mujxSq8PZRDFXkPI01-uWv5c\"",
            "id": "UExhWE90MG5TTkl1Yk8xaEhZek8zUmhBMDN0UDRvX0JJRi5ENDU4Q0M4RDExNzM1Mjcy",
            "snippet": {
                "publishedAt": "2018-11-16T14:07:20.000Z",
                "channelId": "UCCduNupcztaN9sFrHV-fDIg",
                "title": "Sulit - Aman Aziz | #SFMM33",
                "description": "Saksikan Semi Final Muzik-Muzik 33 minggu kedua !\nMinggu pertama SFMM akan menyaksikan 11 lagu yang akan dipertandingkan untuk Anugerah Juara Lagu 33 :\n\n1. Altimet - Bunga\n2. Khai Bahar - Luluh\n3. Khai Bahar & Fatin Husna - Rahsia Kita\n4. Akim & The Majistret - Stereotype\n5. Aman Aziz - Sulit\n6. Ara Johari - Bunga\n7. Shiha Zikir - Jagakan Dia\n8. Hael Husaini & Dayang Nurfaizah - Haram\n9. Ismail Izzani - Demi Kita\n10. Stacy - Cakap Ke Tangan\n11. Syamel - Kau Pun Sama \n\nLagu manakah yang bakal mara ke Anugerah Juara Lagu ke-33 ? \nSaksikan Semi Final Muzik-Muzik selama 3 minggu bermula Jumaat 9 November , jam 9 malam di TV3 dan juga strim LIVE di Youtube TV3Malaysia !\n\nFollow kami di FB , IG dan twitter @tv3malaysia untuk update terkini #ASK2018",
                "thumbnails": {
                    "default": {
                        "url": "https://i.ytimg.com/vi/0IoXgLLXLSM/default.jpg",
                        "width": 120,
                        "height": 90
                    },
                    "medium": {
                        "url": "https://i.ytimg.com/vi/0IoXgLLXLSM/mqdefault.jpg",
                        "width": 320,
                        "height": 180
                    },
                    "high": {
                        "url": "https://i.ytimg.com/vi/0IoXgLLXLSM/hqdefault.jpg",
                        "width": 480,
                        "height": 360
                    },
                    "standard": {
                        "url": "https://i.ytimg.com/vi/0IoXgLLXLSM/sddefault.jpg",
                        "width": 640,
                        "height": 480
                    },
                    "maxres": {
                        "url": "https://i.ytimg.com/vi/0IoXgLLXLSM/maxresdefault.jpg",
                        "width": 1280,
                        "height": 720
                    }
                },
                "channelTitle": "TV3MALAYSIA Official",
                "playlistId": "PLaXOt0nSNIubO1hHYzO3RhA03tP4o_BIF",
                "position": 8,
                "resourceId": {
                    "kind": "youtube#video",
                    "videoId": "0IoXgLLXLSM"
                }
            }
        },
        {
            "kind": "youtube#playlistItem",
            "etag": "\"XpPGQXPnxQJhLgs6enD_n8JR4Qk/__Ym-OY17EU26lN9MMsAkp_RNCA\"",
            "id": "UExhWE90MG5TTkl1Yk8xaEhZek8zUmhBMDN0UDRvX0JJRi45RTgxNDRBMzUwRjQ0MDhC",
            "snippet": {
                "publishedAt": "2018-11-16T14:00:38.000Z",
                "channelId": "UCCduNupcztaN9sFrHV-fDIg",
                "title": "Stereotype - Akim & The Majistret | #SFMM33",
                "description": "Saksikan Semi Final Muzik-Muzik 33 minggu kedua !\nMinggu pertama SFMM akan menyaksikan 11 lagu yang akan dipertandingkan untuk Anugerah Juara Lagu 33 :\n\n1. Altimet - Bunga\n2. Khai Bahar - Luluh\n3. Khai Bahar & Fatin Husna - Rahsia Kita\n4. Akim & The Majistret - Stereotype\n5. Aman Aziz - Sulit\n6. Ara Johari - Bunga\n7. Shiha Zikir - Jagakan Dia\n8. Hael Husaini & Dayang Nurfaizah - Haram\n9. Ismail Izzani - Demi Kita\n10. Stacy - Cakap Ke Tangan\n11. Syamel - Kau Pun Sama \n\nLagu manakah yang bakal mara ke Anugerah Juara Lagu ke-33 ? \nSaksikan Semi Final Muzik-Muzik selama 3 minggu bermula Jumaat 9 November , jam 9 malam di TV3 dan juga strim LIVE di Youtube TV3Malaysia !\n\nFollow kami di FB , IG dan twitter @tv3malaysia untuk update terkini #ASK2018.",
                "thumbnails": {
                    "default": {
                        "url": "https://i.ytimg.com/vi/wwpRwH1V2Zo/default.jpg",
                        "width": 120,
                        "height": 90
                    },
                    "medium": {
                        "url": "https://i.ytimg.com/vi/wwpRwH1V2Zo/mqdefault.jpg",
                        "width": 320,
                        "height": 180
                    },
                    "high": {
                        "url": "https://i.ytimg.com/vi/wwpRwH1V2Zo/hqdefault.jpg",
                        "width": 480,
                        "height": 360
                    },
                    "standard": {
                        "url": "https://i.ytimg.com/vi/wwpRwH1V2Zo/sddefault.jpg",
                        "width": 640,
                        "height": 480
                    },
                    "maxres": {
                        "url": "https://i.ytimg.com/vi/wwpRwH1V2Zo/maxresdefault.jpg",
                        "width": 1280,
                        "height": 720
                    }
                },
                "channelTitle": "TV3MALAYSIA Official",
                "playlistId": "PLaXOt0nSNIubO1hHYzO3RhA03tP4o_BIF",
                "position": 9,
                "resourceId": {
                    "kind": "youtube#video",
                    "videoId": "wwpRwH1V2Zo"
                }
            }
        },
        {
            "kind": "youtube#playlistItem",
            "etag": "\"XpPGQXPnxQJhLgs6enD_n8JR4Qk/aLEs7LeqewXR-uwdUccNfs-ZgIQ\"",
            "id": "UExhWE90MG5TTkl1Yk8xaEhZek8zUmhBMDN0UDRvX0JJRi4yMUQyQTQzMjRDNzMyQTMy",
            "snippet": {
                "publishedAt": "2018-11-16T13:55:57.000Z",
                "channelId": "UCCduNupcztaN9sFrHV-fDIg",
                "title": "Persembahan Pembukaan - Sherry & Haziq | #SFMM33",
                "description": "Saksikan Semi Final Muzik-Muzik 33 minggu kedua !\n\nMinggu pertama SFMM akan menyaksikan 11 lagu yang akan dipertandingkan untuk Anugerah Juara Lagu 33 :\n\n \n\n1.     Altimet - Bunga\n\n2.     Khai Bahar - Luluh\n\n3.     Khai Bahar & Fatin Husna - Rahsia Kita\n\n4.     Akim & The Majistret - Stereotype\n\n5.     Aman Aziz - Sulit\n\n6.     Ara Johari - Bunga\n\n7.     Shiha Zikir - Jagakan Dia\n\n8.     Hael Husaini & Dayang Nurfaizah - Haram\n\n9.     Ismail Izzani - Demi Kita\n\n10. Stacy - Cakap Ke Tangan\n\n11. Syamel - Kau Pun Sama \n\n \n\nLagu manakah yang bakal mara ke Anugerah Juara Lagu ke-33 ? \n\nSaksikan Semi Final Muzik-Muzik selama 3 minggu bermula Jumaat 9 November , jam 9 malam di TV3 dan juga strim LIVE di Youtube TV3Malaysia !\n\n \n\nFollow kami di FB , IG dan twitter @tv3malaysia untuk update terkini #ASK2018.",
                "thumbnails": {
                    "default": {
                        "url": "https://i.ytimg.com/vi/UPC9cmxF2wg/default.jpg",
                        "width": 120,
                        "height": 90
                    },
                    "medium": {
                        "url": "https://i.ytimg.com/vi/UPC9cmxF2wg/mqdefault.jpg",
                        "width": 320,
                        "height": 180
                    },
                    "high": {
                        "url": "https://i.ytimg.com/vi/UPC9cmxF2wg/hqdefault.jpg",
                        "width": 480,
                        "height": 360
                    },
                    "standard": {
                        "url": "https://i.ytimg.com/vi/UPC9cmxF2wg/sddefault.jpg",
                        "width": 640,
                        "height": 480
                    },
                    "maxres": {
                        "url": "https://i.ytimg.com/vi/UPC9cmxF2wg/maxresdefault.jpg",
                        "width": 1280,
                        "height": 720
                    }
                },
                "channelTitle": "TV3MALAYSIA Official",
                "playlistId": "PLaXOt0nSNIubO1hHYzO3RhA03tP4o_BIF",
                "position": 10,
                "resourceId": {
                    "kind": "youtube#video",
                    "videoId": "UPC9cmxF2wg"
                }
            }
        },
        {
            "kind": "youtube#playlistItem",
            "etag": "\"XpPGQXPnxQJhLgs6enD_n8JR4Qk/C6J0UZUusRTEmvGRSGivid7uFH8\"",
            "id": "UExhWE90MG5TTkl1Yk8xaEhZek8zUmhBMDN0UDRvX0JJRi41QTY1Q0UxMTVCODczNThE",
            "snippet": {
                "publishedAt": "2018-11-16T13:46:48.000Z",
                "channelId": "UCCduNupcztaN9sFrHV-fDIg",
                "title": "Kau Pun Sama - Syamel | #SFMM33",
                "description": "Saksikan Semi Final Muzik-Muzik 33 minggu kedua !\n\nMinggu pertama SFMM akan menyaksikan 11 lagu yang akan dipertandingkan untuk Anugerah Juara Lagu 33 :\n\n \n\n1.     Altimet - Bunga\n\n2.     Khai Bahar - Luluh\n\n3.     Khai Bahar & Fatin Husna - Rahsia Kita\n\n4.     Akim & The Majistret - Stereotype\n\n5.     Aman Aziz - Sulit\n\n6.     Ara Johari - Bunga\n\n7.     Shiha Zikir - Jagakan Dia\n\n8.     Hael Husaini & Dayang Nurfaizah - Haram\n\n9.     Ismail Izzani - Demi Kita\n\n10. Stacy - Cakap Ke Tangan\n\n11. Syamel - Kau Pun Sama \n\n \n\nLagu manakah yang bakal mara ke Anugerah Juara Lagu ke-33 ? \n\nSaksikan Semi Final Muzik-Muzik selama 3 minggu bermula Jumaat 9 November , jam 9 malam di TV3 dan juga strim LIVE di Youtube TV3Malaysia !\n\n \n\nFollow kami di FB , IG dan twitter @tv3malaysia untuk update terkini #ASK2018.",
                "thumbnails": {
                    "default": {
                        "url": "https://i.ytimg.com/vi/bYl7ELZ8q9k/default.jpg",
                        "width": 120,
                        "height": 90
                    },
                    "medium": {
                        "url": "https://i.ytimg.com/vi/bYl7ELZ8q9k/mqdefault.jpg",
                        "width": 320,
                        "height": 180
                    },
                    "high": {
                        "url": "https://i.ytimg.com/vi/bYl7ELZ8q9k/hqdefault.jpg",
                        "width": 480,
                        "height": 360
                    },
                    "standard": {
                        "url": "https://i.ytimg.com/vi/bYl7ELZ8q9k/sddefault.jpg",
                        "width": 640,
                        "height": 480
                    },
                    "maxres": {
                        "url": "https://i.ytimg.com/vi/bYl7ELZ8q9k/maxresdefault.jpg",
                        "width": 1280,
                        "height": 720
                    }
                },
                "channelTitle": "TV3MALAYSIA Official",
                "playlistId": "PLaXOt0nSNIubO1hHYzO3RhA03tP4o_BIF",
                "position": 11,
                "resourceId": {
                    "kind": "youtube#video",
                    "videoId": "bYl7ELZ8q9k"
                }
            }
        },
        {
            "kind": "youtube#playlistItem",
            "etag": "\"XpPGQXPnxQJhLgs6enD_n8JR4Qk/JzQsFXDYUd3KjSd3krXFsPWhCSA\"",
            "id": "UExhWE90MG5TTkl1Yk8xaEhZek8zUmhBMDN0UDRvX0JJRi5EQUE1NTFDRjcwMDg0NEMz",
            "snippet": {
                "publishedAt": "2018-11-16T13:44:13.000Z",
                "channelId": "UCCduNupcztaN9sFrHV-fDIg",
                "title": "Jagakan Dia - Shiha Zikir | #SFMM33",
                "description": "Saksikan Semi Final Muzik-Muzik 33 minggu kedua !\n\nMinggu pertama SFMM akan menyaksikan 11 lagu yang akan dipertandingkan untuk Anugerah Juara Lagu 33 :\n\n \n\n1.     Altimet - Bunga\n\n2.     Khai Bahar - Luluh\n\n3.     Khai Bahar & Fatin Husna - Rahsia Kita\n\n4.     Akim & The Majistret - Stereotype\n\n5.     Aman Aziz - Sulit\n\n6.     Ara Johari - Bunga\n\n7.     Shiha Zikir - Jagakan Dia\n\n8.     Hael Husaini & Dayang Nurfaizah - Haram\n\n9.     Ismail Izzani - Demi Kita\n\n10. Stacy - Cakap Ke Tangan\n\n11. Syamel - Kau Pun Sama \n\n \n\nLagu manakah yang bakal mara ke Anugerah Juara Lagu ke-33 ? \n\nSaksikan Semi Final Muzik-Muzik selama 3 minggu bermula Jumaat 9 November , jam 9 malam di TV3 dan juga strim LIVE di Youtube TV3Malaysia !\n\n \n\nFollow kami di FB , IG dan twitter @tv3malaysia untuk update terkini #ASK2018.",
                "thumbnails": {
                    "default": {
                        "url": "https://i.ytimg.com/vi/JnKwuosF1l4/default.jpg",
                        "width": 120,
                        "height": 90
                    },
                    "medium": {
                        "url": "https://i.ytimg.com/vi/JnKwuosF1l4/mqdefault.jpg",
                        "width": 320,
                        "height": 180
                    },
                    "high": {
                        "url": "https://i.ytimg.com/vi/JnKwuosF1l4/hqdefault.jpg",
                        "width": 480,
                        "height": 360
                    },
                    "standard": {
                        "url": "https://i.ytimg.com/vi/JnKwuosF1l4/sddefault.jpg",
                        "width": 640,
                        "height": 480
                    },
                    "maxres": {
                        "url": "https://i.ytimg.com/vi/JnKwuosF1l4/maxresdefault.jpg",
                        "width": 1280,
                        "height": 720
                    }
                },
                "channelTitle": "TV3MALAYSIA Official",
                "playlistId": "PLaXOt0nSNIubO1hHYzO3RhA03tP4o_BIF",
                "position": 12,
                "resourceId": {
                    "kind": "youtube#video",
                    "videoId": "JnKwuosF1l4"
                }
            }
        },
        {
            "kind": "youtube#playlistItem",
            "etag": "\"XpPGQXPnxQJhLgs6enD_n8JR4Qk/75MX2NYpk7LtndClHDV5lr7VxgM\"",
            "id": "UExhWE90MG5TTkl1Yk8xaEhZek8zUmhBMDN0UDRvX0JJRi41Mzk2QTAxMTkzNDk4MDhF",
            "snippet": {
                "publishedAt": "2018-11-16T13:37:04.000Z",
                "channelId": "UCCduNupcztaN9sFrHV-fDIg",
                "title": "Rahsia Kita - Khai Bahar & Fatin Husna | #SFMM33",
                "description": "Saksikan Semi Final Muzik-Muzik 33 minggu kedua !\n\nMinggu pertama SFMM akan menyaksikan 11 lagu yang akan dipertandingkan untuk Anugerah Juara Lagu 33 :\n\n \n\n1.     Altimet - Bunga\n\n2.     Khai Bahar - Luluh\n\n3.     Khai Bahar & Fatin Husna - Rahsia Kita\n\n4.     Akim & The Majistret - Stereotype\n\n5.     Aman Aziz - Sulit\n\n6.     Ara Johari - Bunga\n\n7.     Shiha Zikir - Jagakan Dia\n\n8.     Hael Husaini & Dayang Nurfaizah - Haram\n\n9.     Ismail Izzani - Demi Kita\n\n10. Stacy - Cakap Ke Tangan\n\n11. Syamel - Kau Pun Sama \n\n \n\nLagu manakah yang bakal mara ke Anugerah Juara Lagu ke-33 ? \n\nSaksikan Semi Final Muzik-Muzik selama 3 minggu bermula Jumaat 9 November , jam 9 malam di TV3 dan juga strim LIVE di Youtube TV3Malaysia !\n\n \n\nFollow kami di FB , IG dan twitter @tv3malaysia untuk update terkini #ASK2018.",
                "thumbnails": {
                    "default": {
                        "url": "https://i.ytimg.com/vi/WpR2b7DkhY0/default.jpg",
                        "width": 120,
                        "height": 90
                    },
                    "medium": {
                        "url": "https://i.ytimg.com/vi/WpR2b7DkhY0/mqdefault.jpg",
                        "width": 320,
                        "height": 180
                    },
                    "high": {
                        "url": "https://i.ytimg.com/vi/WpR2b7DkhY0/hqdefault.jpg",
                        "width": 480,
                        "height": 360
                    },
                    "standard": {
                        "url": "https://i.ytimg.com/vi/WpR2b7DkhY0/sddefault.jpg",
                        "width": 640,
                        "height": 480
                    },
                    "maxres": {
                        "url": "https://i.ytimg.com/vi/WpR2b7DkhY0/maxresdefault.jpg",
                        "width": 1280,
                        "height": 720
                    }
                },
                "channelTitle": "TV3MALAYSIA Official",
                "playlistId": "PLaXOt0nSNIubO1hHYzO3RhA03tP4o_BIF",
                "position": 13,
                "resourceId": {
                    "kind": "youtube#video",
                    "videoId": "WpR2b7DkhY0"
                }
            }
        },
        {
            "kind": "youtube#playlistItem",
            "etag": "\"XpPGQXPnxQJhLgs6enD_n8JR4Qk/ZNaa-KiJzZIGlZ_AX5eCB_BM2W8\"",
            "id": "UExhWE90MG5TTkl1Yk8xaEhZek8zUmhBMDN0UDRvX0JJRi4zMDg5MkQ5MEVDMEM1NTg2",
            "snippet": {
                "publishedAt": "2018-11-10T02:57:03.000Z",
                "channelId": "UCCduNupcztaN9sFrHV-fDIg",
                "title": "Semi Final Muzik-Muzik 33 | #SFMM33",
                "description": "Saksikan Semi Final Muzik-Muzik 33 minggu pertama !\nMinggu pertama SFMM akan menyaksikan 11 lagu yang akan dipertandingkan untuk Anugerah Juara Lagu 33 :\n\nDi Matamu - Sufian Suhaimi\nSesungguhnya Aku - Alif Satar\nKata Akhirmu - Ariff Bahran\nHikayat Benladin - Ben Ladin\nDia - Dayang Nurfaizah\nSeindah Berdua - Dewi Seriestha\nMimpi - Liza Hanim\nBercanda Di Malam Indah - Kugiran Masdo\nDia - Qody\nSemakin - Siti Sarah\nTak Pernah Hilang - Amylea x Kaer\n\nLagu manakah yang bakal mara ke Anugerah Juara Lagu ke-33 ? \nSaksikan Semi Final Muzik-Muzik selama 3 minggu bermula Jumaat ini , jam 9 malam di TV3 dan juga strim LIVE di Youtube TV3Malaysia !\n\nFollow kami di FB , IG dan twitter @tv3malaysia untuk update terkini #SFMM33.",
                "thumbnails": {
                    "default": {
                        "url": "https://i.ytimg.com/vi/p6hoMTmv5_U/default.jpg",
                        "width": 120,
                        "height": 90
                    },
                    "medium": {
                        "url": "https://i.ytimg.com/vi/p6hoMTmv5_U/mqdefault.jpg",
                        "width": 320,
                        "height": 180
                    },
                    "high": {
                        "url": "https://i.ytimg.com/vi/p6hoMTmv5_U/hqdefault.jpg",
                        "width": 480,
                        "height": 360
                    },
                    "standard": {
                        "url": "https://i.ytimg.com/vi/p6hoMTmv5_U/sddefault.jpg",
                        "width": 640,
                        "height": 480
                    },
                    "maxres": {
                        "url": "https://i.ytimg.com/vi/p6hoMTmv5_U/maxresdefault.jpg",
                        "width": 1280,
                        "height": 720
                    }
                },
                "channelTitle": "TV3MALAYSIA Official",
                "playlistId": "PLaXOt0nSNIubO1hHYzO3RhA03tP4o_BIF",
                "position": 14,
                "resourceId": {
                    "kind": "youtube#video",
                    "videoId": "p6hoMTmv5_U"
                }
            }
        },
        {
            "kind": "youtube#playlistItem",
            "etag": "\"XpPGQXPnxQJhLgs6enD_n8JR4Qk/VksqCL-4PyvOGmvN2jhBDMNNzlk\"",
            "id": "UExhWE90MG5TTkl1Yk8xaEhZek8zUmhBMDN0UDRvX0JJRi45ODRDNTg0QjA4NkFBNkQy",
            "snippet": {
                "publishedAt": "2018-11-09T15:03:23.000Z",
                "channelId": "UCCduNupcztaN9sFrHV-fDIg",
                "title": "Semakin - Lagu Terbaik (Minggu Pertama) | #SFMM33",
                "description": "Lagu manakah yang bakal mara ke Anugerah Juara Lagu ke-33 ? \nSaksikan Semi Final Muzik-Muzik selama 3 minggu bermula Jumaat ini , jam 9 malam di TV3 dan juga strim LIVE di Youtube TV3Malaysia !\n\nFollow kami di FB , IG dan twitter @tv3malaysia untuk update terkini #SFMM33.",
                "thumbnails": {
                    "default": {
                        "url": "https://i.ytimg.com/vi/_Jp6SntAe7k/default.jpg",
                        "width": 120,
                        "height": 90
                    },
                    "medium": {
                        "url": "https://i.ytimg.com/vi/_Jp6SntAe7k/mqdefault.jpg",
                        "width": 320,
                        "height": 180
                    },
                    "high": {
                        "url": "https://i.ytimg.com/vi/_Jp6SntAe7k/hqdefault.jpg",
                        "width": 480,
                        "height": 360
                    },
                    "standard": {
                        "url": "https://i.ytimg.com/vi/_Jp6SntAe7k/sddefault.jpg",
                        "width": 640,
                        "height": 480
                    },
                    "maxres": {
                        "url": "https://i.ytimg.com/vi/_Jp6SntAe7k/maxresdefault.jpg",
                        "width": 1280,
                        "height": 720
                    }
                },
                "channelTitle": "TV3MALAYSIA Official",
                "playlistId": "PLaXOt0nSNIubO1hHYzO3RhA03tP4o_BIF",
                "position": 15,
                "resourceId": {
                    "kind": "youtube#video",
                    "videoId": "_Jp6SntAe7k"
                }
            }
        },
        {
            "kind": "youtube#playlistItem",
            "etag": "\"XpPGQXPnxQJhLgs6enD_n8JR4Qk/YiOTqll2-8CJfs4Fb8VHfPbRxm0\"",
            "id": "UExhWE90MG5TTkl1Yk8xaEhZek8zUmhBMDN0UDRvX0JJRi5EMEEwRUY5M0RDRTU3NDJC",
            "snippet": {
                "publishedAt": "2018-11-09T14:53:36.000Z",
                "channelId": "UCCduNupcztaN9sFrHV-fDIg",
                "title": "Dari Sinar Mata & Teman Pengganti - Black & Bumiputra Rockers | #SFMM33",
                "description": "Lagu manakah yang bakal mara ke Anugerah Juara Lagu ke-33 ? \nSaksikan Semi Final Muzik-Muzik selama 3 minggu bermula Jumaat ini , jam 9 malam di TV3 dan juga strim LIVE di Youtube TV3Malaysia !\n\nFollow kami di FB , IG dan twitter @tv3malaysia untuk update terkini #SFMM33.",
                "thumbnails": {
                    "default": {
                        "url": "https://i.ytimg.com/vi/gbaj3HNUsbc/default.jpg",
                        "width": 120,
                        "height": 90
                    },
                    "medium": {
                        "url": "https://i.ytimg.com/vi/gbaj3HNUsbc/mqdefault.jpg",
                        "width": 320,
                        "height": 180
                    },
                    "high": {
                        "url": "https://i.ytimg.com/vi/gbaj3HNUsbc/hqdefault.jpg",
                        "width": 480,
                        "height": 360
                    },
                    "standard": {
                        "url": "https://i.ytimg.com/vi/gbaj3HNUsbc/sddefault.jpg",
                        "width": 640,
                        "height": 480
                    },
                    "maxres": {
                        "url": "https://i.ytimg.com/vi/gbaj3HNUsbc/maxresdefault.jpg",
                        "width": 1280,
                        "height": 720
                    }
                },
                "channelTitle": "TV3MALAYSIA Official",
                "playlistId": "PLaXOt0nSNIubO1hHYzO3RhA03tP4o_BIF",
                "position": 16,
                "resourceId": {
                    "kind": "youtube#video",
                    "videoId": "gbaj3HNUsbc"
                }
            }
        },
        {
            "kind": "youtube#playlistItem",
            "etag": "\"XpPGQXPnxQJhLgs6enD_n8JR4Qk/RIXSMuD87qko5-2wF4fTXPjJI64\"",
            "id": "UExhWE90MG5TTkl1Yk8xaEhZek8zUmhBMDN0UDRvX0JJRi40NzZCMERDMjVEN0RFRThB",
            "snippet": {
                "publishedAt": "2018-11-09T14:42:26.000Z",
                "channelId": "UCCduNupcztaN9sFrHV-fDIg",
                "title": "Semakin - Siti Sarah | #SFMM33",
                "description": "Lagu manakah yang bakal mara ke Anugerah Juara Lagu ke-33 ? \nSaksikan Semi Final Muzik-Muzik selama 3 minggu bermula Jumaat ini , jam 9 malam di TV3 dan juga strim LIVE di Youtube TV3Malaysia !\n\nFollow kami di FB , IG dan twitter @tv3malaysia untuk update terkini #SFMM33.",
                "thumbnails": {
                    "default": {
                        "url": "https://i.ytimg.com/vi/jyn1wv2flBc/default.jpg",
                        "width": 120,
                        "height": 90
                    },
                    "medium": {
                        "url": "https://i.ytimg.com/vi/jyn1wv2flBc/mqdefault.jpg",
                        "width": 320,
                        "height": 180
                    },
                    "high": {
                        "url": "https://i.ytimg.com/vi/jyn1wv2flBc/hqdefault.jpg",
                        "width": 480,
                        "height": 360
                    },
                    "standard": {
                        "url": "https://i.ytimg.com/vi/jyn1wv2flBc/sddefault.jpg",
                        "width": 640,
                        "height": 480
                    },
                    "maxres": {
                        "url": "https://i.ytimg.com/vi/jyn1wv2flBc/maxresdefault.jpg",
                        "width": 1280,
                        "height": 720
                    }
                },
                "channelTitle": "TV3MALAYSIA Official",
                "playlistId": "PLaXOt0nSNIubO1hHYzO3RhA03tP4o_BIF",
                "position": 17,
                "resourceId": {
                    "kind": "youtube#video",
                    "videoId": "jyn1wv2flBc"
                }
            }
        },
        {
            "kind": "youtube#playlistItem",
            "etag": "\"XpPGQXPnxQJhLgs6enD_n8JR4Qk/xHsp2YSa-B-nt524T7qZ88O_9bQ\"",
            "id": "UExhWE90MG5TTkl1Yk8xaEhZek8zUmhBMDN0UDRvX0JJRi5GNjNDRDREMDQxOThCMDQ2",
            "snippet": {
                "publishedAt": "2018-11-09T14:29:20.000Z",
                "channelId": "UCCduNupcztaN9sFrHV-fDIg",
                "title": "Tak Pernah Hilang - Amylea x Kaer | #SFMM33",
                "description": "Lagu manakah yang bakal mara ke Anugerah Juara Lagu ke-33 ? \nSaksikan Semi Final Muzik-Muzik selama 3 minggu bermula Jumaat ini , jam 9 malam di TV3 dan juga strim LIVE di Youtube TV3Malaysia !\n\nFollow kami di FB , IG dan twitter @tv3malaysia untuk update terkini #SFMM33.",
                "thumbnails": {
                    "default": {
                        "url": "https://i.ytimg.com/vi/QdzfYIdG9_c/default.jpg",
                        "width": 120,
                        "height": 90
                    },
                    "medium": {
                        "url": "https://i.ytimg.com/vi/QdzfYIdG9_c/mqdefault.jpg",
                        "width": 320,
                        "height": 180
                    },
                    "high": {
                        "url": "https://i.ytimg.com/vi/QdzfYIdG9_c/hqdefault.jpg",
                        "width": 480,
                        "height": 360
                    },
                    "standard": {
                        "url": "https://i.ytimg.com/vi/QdzfYIdG9_c/sddefault.jpg",
                        "width": 640,
                        "height": 480
                    },
                    "maxres": {
                        "url": "https://i.ytimg.com/vi/QdzfYIdG9_c/maxresdefault.jpg",
                        "width": 1280,
                        "height": 720
                    }
                },
                "channelTitle": "TV3MALAYSIA Official",
                "playlistId": "PLaXOt0nSNIubO1hHYzO3RhA03tP4o_BIF",
                "position": 18,
                "resourceId": {
                    "kind": "youtube#video",
                    "videoId": "QdzfYIdG9_c"
                }
            }
        },
        {
            "kind": "youtube#playlistItem",
            "etag": "\"XpPGQXPnxQJhLgs6enD_n8JR4Qk/jfPiu9__Y2vrOxT7G_QAoh5W_dI\"",
            "id": "UExhWE90MG5TTkl1Yk8xaEhZek8zUmhBMDN0UDRvX0JJRi45NDk1REZENzhEMzU5MDQz",
            "snippet": {
                "publishedAt": "2018-11-09T14:23:12.000Z",
                "channelId": "UCCduNupcztaN9sFrHV-fDIg",
                "title": "Sesungguhnya Aku - Alif Satar | #SFMM33",
                "description": "Lagu manakah yang bakal mara ke Anugerah Juara Lagu ke-33 ? \nSaksikan Semi Final Muzik-Muzik selama 3 minggu bermula Jumaat ini , jam 9 malam di TV3 dan juga strim LIVE di Youtube TV3Malaysia !\n\nFollow kami di FB , IG dan twitter @tv3malaysia untuk update terkini #SFMM33.",
                "thumbnails": {
                    "default": {
                        "url": "https://i.ytimg.com/vi/WpA5wJ6KMc0/default.jpg",
                        "width": 120,
                        "height": 90
                    },
                    "medium": {
                        "url": "https://i.ytimg.com/vi/WpA5wJ6KMc0/mqdefault.jpg",
                        "width": 320,
                        "height": 180
                    },
                    "high": {
                        "url": "https://i.ytimg.com/vi/WpA5wJ6KMc0/hqdefault.jpg",
                        "width": 480,
                        "height": 360
                    },
                    "standard": {
                        "url": "https://i.ytimg.com/vi/WpA5wJ6KMc0/sddefault.jpg",
                        "width": 640,
                        "height": 480
                    },
                    "maxres": {
                        "url": "https://i.ytimg.com/vi/WpA5wJ6KMc0/maxresdefault.jpg",
                        "width": 1280,
                        "height": 720
                    }
                },
                "channelTitle": "TV3MALAYSIA Official",
                "playlistId": "PLaXOt0nSNIubO1hHYzO3RhA03tP4o_BIF",
                "position": 19,
                "resourceId": {
                    "kind": "youtube#video",
                    "videoId": "WpA5wJ6KMc0"
                }
            }
        },
        {
            "kind": "youtube#playlistItem",
            "etag": "\"XpPGQXPnxQJhLgs6enD_n8JR4Qk/qbTnqn8GWIGH3GIlPbZtA0Kx7BI\"",
            "id": "UExhWE90MG5TTkl1Yk8xaEhZek8zUmhBMDN0UDRvX0JJRi5DQUNERDQ2NkIzRUQxNTY1",
            "snippet": {
                "publishedAt": "2018-11-09T14:16:10.000Z",
                "channelId": "UCCduNupcztaN9sFrHV-fDIg",
                "title": "Hikayat Benladin - Ben Ladin | #SFMM33",
                "description": "Lagu manakah yang bakal mara ke Anugerah Juara Lagu ke-33 ? \nSaksikan Semi Final Muzik-Muzik selama 3 minggu bermula Jumaat ini , jam 9 malam di TV3 dan juga strim LIVE di Youtube TV3Malaysia !\n\nFollow kami di FB , IG dan twitter @tv3malaysia untuk update terkini #SFMM33.",
                "thumbnails": {
                    "default": {
                        "url": "https://i.ytimg.com/vi/NYEZ4qor66k/default.jpg",
                        "width": 120,
                        "height": 90
                    },
                    "medium": {
                        "url": "https://i.ytimg.com/vi/NYEZ4qor66k/mqdefault.jpg",
                        "width": 320,
                        "height": 180
                    },
                    "high": {
                        "url": "https://i.ytimg.com/vi/NYEZ4qor66k/hqdefault.jpg",
                        "width": 480,
                        "height": 360
                    },
                    "standard": {
                        "url": "https://i.ytimg.com/vi/NYEZ4qor66k/sddefault.jpg",
                        "width": 640,
                        "height": 480
                    },
                    "maxres": {
                        "url": "https://i.ytimg.com/vi/NYEZ4qor66k/maxresdefault.jpg",
                        "width": 1280,
                        "height": 720
                    }
                },
                "channelTitle": "TV3MALAYSIA Official",
                "playlistId": "PLaXOt0nSNIubO1hHYzO3RhA03tP4o_BIF",
                "position": 20,
                "resourceId": {
                    "kind": "youtube#video",
                    "videoId": "NYEZ4qor66k"
                }
            }
        },
        {
            "kind": "youtube#playlistItem",
            "etag": "\"XpPGQXPnxQJhLgs6enD_n8JR4Qk/o7dfF5JrN_opJpQaJutRijCrC04\"",
            "id": "UExhWE90MG5TTkl1Yk8xaEhZek8zUmhBMDN0UDRvX0JJRi41MzJCQjBCNDIyRkJDN0VD",
            "snippet": {
                "publishedAt": "2018-11-09T14:10:11.000Z",
                "channelId": "UCCduNupcztaN9sFrHV-fDIg",
                "title": "Dia - Dayang Nurfaizah | #SFMM33",
                "description": "Lagu manakah yang bakal mara ke Anugerah Juara Lagu ke-33 ? \nSaksikan Semi Final Muzik-Muzik selama 3 minggu bermula Jumaat ini , jam 9 malam di TV3 dan juga strim LIVE di Youtube TV3Malaysia !\n\nFollow kami di FB , IG dan twitter @tv3malaysia untuk update terkini #SFMM33.",
                "thumbnails": {
                    "default": {
                        "url": "https://i.ytimg.com/vi/4Il5yW0NWBY/default.jpg",
                        "width": 120,
                        "height": 90
                    },
                    "medium": {
                        "url": "https://i.ytimg.com/vi/4Il5yW0NWBY/mqdefault.jpg",
                        "width": 320,
                        "height": 180
                    },
                    "high": {
                        "url": "https://i.ytimg.com/vi/4Il5yW0NWBY/hqdefault.jpg",
                        "width": 480,
                        "height": 360
                    },
                    "standard": {
                        "url": "https://i.ytimg.com/vi/4Il5yW0NWBY/sddefault.jpg",
                        "width": 640,
                        "height": 480
                    },
                    "maxres": {
                        "url": "https://i.ytimg.com/vi/4Il5yW0NWBY/maxresdefault.jpg",
                        "width": 1280,
                        "height": 720
                    }
                },
                "channelTitle": "TV3MALAYSIA Official",
                "playlistId": "PLaXOt0nSNIubO1hHYzO3RhA03tP4o_BIF",
                "position": 21,
                "resourceId": {
                    "kind": "youtube#video",
                    "videoId": "4Il5yW0NWBY"
                }
            }
        },
        {
            "kind": "youtube#playlistItem",
            "etag": "\"XpPGQXPnxQJhLgs6enD_n8JR4Qk/ACnqN0bppnmU6ZGFH4eak1_jWoo\"",
            "id": "UExhWE90MG5TTkl1Yk8xaEhZek8zUmhBMDN0UDRvX0JJRi4xMkVGQjNCMUM1N0RFNEUx",
            "snippet": {
                "publishedAt": "2018-11-09T14:00:04.000Z",
                "channelId": "UCCduNupcztaN9sFrHV-fDIg",
                "title": "Kata Akhirmu - Ariff Bahran  | #SFMM33",
                "description": "Lagu manakah yang bakal mara ke Anugerah Juara Lagu ke-33 ? \nSaksikan Semi Final Muzik-Muzik selama 3 minggu bermula Jumaat ini , jam 9 malam di TV3 dan juga strim LIVE di Youtube TV3Malaysia !\n\nFollow kami di FB , IG dan twitter @tv3malaysia untuk update terkini #SFMM33.",
                "thumbnails": {
                    "default": {
                        "url": "https://i.ytimg.com/vi/sb8gZB2rJpE/default.jpg",
                        "width": 120,
                        "height": 90
                    },
                    "medium": {
                        "url": "https://i.ytimg.com/vi/sb8gZB2rJpE/mqdefault.jpg",
                        "width": 320,
                        "height": 180
                    },
                    "high": {
                        "url": "https://i.ytimg.com/vi/sb8gZB2rJpE/hqdefault.jpg",
                        "width": 480,
                        "height": 360
                    },
                    "standard": {
                        "url": "https://i.ytimg.com/vi/sb8gZB2rJpE/sddefault.jpg",
                        "width": 640,
                        "height": 480
                    },
                    "maxres": {
                        "url": "https://i.ytimg.com/vi/sb8gZB2rJpE/maxresdefault.jpg",
                        "width": 1280,
                        "height": 720
                    }
                },
                "channelTitle": "TV3MALAYSIA Official",
                "playlistId": "PLaXOt0nSNIubO1hHYzO3RhA03tP4o_BIF",
                "position": 22,
                "resourceId": {
                    "kind": "youtube#video",
                    "videoId": "sb8gZB2rJpE"
                }
            }
        },
        {
            "kind": "youtube#playlistItem",
            "etag": "\"XpPGQXPnxQJhLgs6enD_n8JR4Qk/N3WqelJJD7Gt2RUIyl-S0GIe_EU\"",
            "id": "UExhWE90MG5TTkl1Yk8xaEhZek8zUmhBMDN0UDRvX0JJRi41MjE1MkI0OTQ2QzJGNzNG",
            "snippet": {
                "publishedAt": "2018-11-09T13:52:37.000Z",
                "channelId": "UCCduNupcztaN9sFrHV-fDIg",
                "title": "Bercanda Di Malam Indah - Kugiran Masdo | #SFMM33",
                "description": "Lagu manakah yang bakal mara ke Anugerah Juara Lagu ke-33 ? \nSaksikan Semi Final Muzik-Muzik selama 3 minggu bermula Jumaat ini , jam 9 malam di TV3 dan juga strim LIVE di Youtube TV3Malaysia !\n\nFollow kami di FB , IG dan twitter @tv3malaysia untuk update terkini #SFMM33.",
                "thumbnails": {
                    "default": {
                        "url": "https://i.ytimg.com/vi/GK1eO8qUHYs/default.jpg",
                        "width": 120,
                        "height": 90
                    },
                    "medium": {
                        "url": "https://i.ytimg.com/vi/GK1eO8qUHYs/mqdefault.jpg",
                        "width": 320,
                        "height": 180
                    },
                    "high": {
                        "url": "https://i.ytimg.com/vi/GK1eO8qUHYs/hqdefault.jpg",
                        "width": 480,
                        "height": 360
                    },
                    "standard": {
                        "url": "https://i.ytimg.com/vi/GK1eO8qUHYs/sddefault.jpg",
                        "width": 640,
                        "height": 480
                    },
                    "maxres": {
                        "url": "https://i.ytimg.com/vi/GK1eO8qUHYs/maxresdefault.jpg",
                        "width": 1280,
                        "height": 720
                    }
                },
                "channelTitle": "TV3MALAYSIA Official",
                "playlistId": "PLaXOt0nSNIubO1hHYzO3RhA03tP4o_BIF",
                "position": 23,
                "resourceId": {
                    "kind": "youtube#video",
                    "videoId": "GK1eO8qUHYs"
                }
            }
        },
        {
            "kind": "youtube#playlistItem",
            "etag": "\"XpPGQXPnxQJhLgs6enD_n8JR4Qk/PVRgDqS6aYRn2DeiU3cGWG5Y5Oo\"",
            "id": "UExhWE90MG5TTkl1Yk8xaEhZek8zUmhBMDN0UDRvX0JJRi4wMTcyMDhGQUE4NTIzM0Y5",
            "snippet": {
                "publishedAt": "2018-11-09T13:48:51.000Z",
                "channelId": "UCCduNupcztaN9sFrHV-fDIg",
                "title": "Mimpi - Liza Hanim  | #SFMM33",
                "description": "Lagu manakah yang bakal mara ke Anugerah Juara Lagu ke-33 ? \nSaksikan Semi Final Muzik-Muzik selama 3 minggu bermula Jumaat ini , jam 9 malam di TV3 dan juga strim LIVE di Youtube TV3Malaysia !\n\nFollow kami di FB , IG dan twitter @tv3malaysia untuk update terkini #SFMM33.",
                "thumbnails": {
                    "default": {
                        "url": "https://i.ytimg.com/vi/Kp8RVHzpT64/default.jpg",
                        "width": 120,
                        "height": 90
                    },
                    "medium": {
                        "url": "https://i.ytimg.com/vi/Kp8RVHzpT64/mqdefault.jpg",
                        "width": 320,
                        "height": 180
                    },
                    "high": {
                        "url": "https://i.ytimg.com/vi/Kp8RVHzpT64/hqdefault.jpg",
                        "width": 480,
                        "height": 360
                    },
                    "standard": {
                        "url": "https://i.ytimg.com/vi/Kp8RVHzpT64/sddefault.jpg",
                        "width": 640,
                        "height": 480
                    },
                    "maxres": {
                        "url": "https://i.ytimg.com/vi/Kp8RVHzpT64/maxresdefault.jpg",
                        "width": 1280,
                        "height": 720
                    }
                },
                "channelTitle": "TV3MALAYSIA Official",
                "playlistId": "PLaXOt0nSNIubO1hHYzO3RhA03tP4o_BIF",
                "position": 24,
                "resourceId": {
                    "kind": "youtube#video",
                    "videoId": "Kp8RVHzpT64"
                }
            }
        },
        {
            "kind": "youtube#playlistItem",
            "etag": "\"XpPGQXPnxQJhLgs6enD_n8JR4Qk/gGc__VdWEowA-k3SrJGed_QL0PE\"",
            "id": "UExhWE90MG5TTkl1Yk8xaEhZek8zUmhBMDN0UDRvX0JJRi4yODlGNEE0NkRGMEEzMEQy",
            "snippet": {
                "publishedAt": "2018-11-09T13:37:51.000Z",
                "channelId": "UCCduNupcztaN9sFrHV-fDIg",
                "title": "Dia - Qody  | #SFMM33",
                "description": "Lagu manakah yang bakal mara ke Anugerah Juara Lagu ke-33 ? \nSaksikan Semi Final Muzik-Muzik selama 3 minggu bermula Jumaat ini , jam 9 malam di TV3 dan juga strim LIVE di Youtube TV3Malaysia !\n\nFollow kami di FB , IG dan twitter @tv3malaysia untuk update terkini #SFMM33.",
                "thumbnails": {
                    "default": {
                        "url": "https://i.ytimg.com/vi/u_3Pd05nbiQ/default.jpg",
                        "width": 120,
                        "height": 90
                    },
                    "medium": {
                        "url": "https://i.ytimg.com/vi/u_3Pd05nbiQ/mqdefault.jpg",
                        "width": 320,
                        "height": 180
                    },
                    "high": {
                        "url": "https://i.ytimg.com/vi/u_3Pd05nbiQ/hqdefault.jpg",
                        "width": 480,
                        "height": 360
                    },
                    "standard": {
                        "url": "https://i.ytimg.com/vi/u_3Pd05nbiQ/sddefault.jpg",
                        "width": 640,
                        "height": 480
                    },
                    "maxres": {
                        "url": "https://i.ytimg.com/vi/u_3Pd05nbiQ/maxresdefault.jpg",
                        "width": 1280,
                        "height": 720
                    }
                },
                "channelTitle": "TV3MALAYSIA Official",
                "playlistId": "PLaXOt0nSNIubO1hHYzO3RhA03tP4o_BIF",
                "position": 25,
                "resourceId": {
                    "kind": "youtube#video",
                    "videoId": "u_3Pd05nbiQ"
                }
            }
        },
        {
            "kind": "youtube#playlistItem",
            "etag": "\"XpPGQXPnxQJhLgs6enD_n8JR4Qk/MlQQaHRywQrzjPkgmLWaH4mrL-4\"",
            "id": "UExhWE90MG5TTkl1Yk8xaEhZek8zUmhBMDN0UDRvX0JJRi41NkI0NEY2RDEwNTU3Q0M2",
            "snippet": {
                "publishedAt": "2018-11-09T13:32:47.000Z",
                "channelId": "UCCduNupcztaN9sFrHV-fDIg",
                "title": "Di Matamu - Sufian Suhaimi | #SFMM33",
                "description": "Lagu manakah yang bakal mara ke Anugerah Juara Lagu ke-33 ? \nSaksikan Semi Final Muzik-Muzik selama 3 minggu bermula Jumaat ini , jam 9 malam di TV3 dan juga strim LIVE di Youtube TV3Malaysia !\n\nFollow kami di FB , IG dan twitter @tv3malaysia untuk update terkini #SFMM33.",
                "thumbnails": {
                    "default": {
                        "url": "https://i.ytimg.com/vi/0NQ-nJxWtLc/default.jpg",
                        "width": 120,
                        "height": 90
                    },
                    "medium": {
                        "url": "https://i.ytimg.com/vi/0NQ-nJxWtLc/mqdefault.jpg",
                        "width": 320,
                        "height": 180
                    },
                    "high": {
                        "url": "https://i.ytimg.com/vi/0NQ-nJxWtLc/hqdefault.jpg",
                        "width": 480,
                        "height": 360
                    },
                    "standard": {
                        "url": "https://i.ytimg.com/vi/0NQ-nJxWtLc/sddefault.jpg",
                        "width": 640,
                        "height": 480
                    },
                    "maxres": {
                        "url": "https://i.ytimg.com/vi/0NQ-nJxWtLc/maxresdefault.jpg",
                        "width": 1280,
                        "height": 720
                    }
                },
                "channelTitle": "TV3MALAYSIA Official",
                "playlistId": "PLaXOt0nSNIubO1hHYzO3RhA03tP4o_BIF",
                "position": 26,
                "resourceId": {
                    "kind": "youtube#video",
                    "videoId": "0NQ-nJxWtLc"
                }
            }
        },
        {
            "kind": "youtube#playlistItem",
            "etag": "\"XpPGQXPnxQJhLgs6enD_n8JR4Qk/avqyZkpkgnFAfqUP-Zkjl0CROlc\"",
            "id": "UExhWE90MG5TTkl1Yk8xaEhZek8zUmhBMDN0UDRvX0JJRi5DMkU4NTY1QUFGQTYwMDE3",
            "snippet": {
                "publishedAt": "2018-11-23T15:11:21.000Z",
                "channelId": "UCCduNupcztaN9sFrHV-fDIg",
                "title": "Di Amaran Mama & Takdir Dan Waktu - Rahmat & Hazama | #SFMM33",
                "description": "Saksikan Semi Final Muzik-Muzik 33 minggu ketiga !\n\nMinggu ketiga SFMM akan menyaksikan 11 lagu yang akan dipertandingkan untuk Anugerah Juara Lagu 33 :\n\n1.     Haqiem Rusli – Jatuh Bangun\n2.     Haqiem Rusli – Selamat Tinggal Sayang\n3.     Misha Omar – Sampai Bila\n4.     Hael Husaini - Hajat\n5.     Wany Hasrita – Rintihan Rindu\n6.     Dayang Nurfaizah – Layarlah Kembali\n7.     One Avenue Band – Kisah Antara Kita\n8.     Siti Nordiana & Jaclyn Victor – Nisan Cinta\n\nLagu manakah yang bakal mara ke Anugerah Juara Lagu ke-33 ? \nSaksikan Semi Final Muzik-Muzik bermula jam 9 malam ini di TV3 dan juga strim LIVE di Youtube TV3Malaysia !\nFollow kami di FB , IG dan twitter @tv3malaysia untuk update terkini #SFMM33.",
                "thumbnails": {
                    "default": {
                        "url": "https://i.ytimg.com/vi/J_Efvj7261k/default.jpg",
                        "width": 120,
                        "height": 90
                    },
                    "medium": {
                        "url": "https://i.ytimg.com/vi/J_Efvj7261k/mqdefault.jpg",
                        "width": 320,
                        "height": 180
                    },
                    "high": {
                        "url": "https://i.ytimg.com/vi/J_Efvj7261k/hqdefault.jpg",
                        "width": 480,
                        "height": 360
                    },
                    "standard": {
                        "url": "https://i.ytimg.com/vi/J_Efvj7261k/sddefault.jpg",
                        "width": 640,
                        "height": 480
                    }
                },
                "channelTitle": "TV3MALAYSIA Official",
                "playlistId": "PLaXOt0nSNIubO1hHYzO3RhA03tP4o_BIF",
                "position": 27,
                "resourceId": {
                    "kind": "youtube#video",
                    "videoId": "J_Efvj7261k"
                }
            }
        },
        {
            "kind": "youtube#playlistItem",
            "etag": "\"XpPGQXPnxQJhLgs6enD_n8JR4Qk/CVymPam5BBOKSLgf8r3BUNAJCVw\"",
            "id": "UExhWE90MG5TTkl1Yk8xaEhZek8zUmhBMDN0UDRvX0JJRi44Mjc5REFBRUE2MTdFRDU0",
            "snippet": {
                "publishedAt": "2018-11-23T15:11:35.000Z",
                "channelId": "UCCduNupcztaN9sFrHV-fDIg",
                "title": "Sampai Bila – Misha Omar   | #SFMM33",
                "description": "Saksikan Semi Final Muzik-Muzik 33 minggu ketiga !\n\nMinggu ketiga SFMM akan menyaksikan 11 lagu yang akan dipertandingkan untuk Anugerah Juara Lagu 33 :\n\n1.     Haqiem Rusli – Jatuh Bangun\n2.     Haqiem Rusli – Selamat Tinggal Sayang\n3.     Misha Omar – Sampai Bila\n4.     Hael Husaini - Hajat\n5.     Wany Hasrita – Rintihan Rindu\n6.     Dayang Nurfaizah – Layarlah Kembali\n7.     One Avenue Band – Kisah Antara Kita\n8.     Siti Nordiana & Jaclyn Victor – Nisan Cinta\n\nLagu manakah yang bakal mara ke Anugerah Juara Lagu ke-33 ? \nSaksikan Semi Final Muzik-Muzik bermula jam 9 malam ini di TV3 dan juga strim LIVE di Youtube TV3Malaysia !\nFollow kami di FB , IG dan twitter @tv3malaysia untuk update terkini #SFMM33.",
                "thumbnails": {
                    "default": {
                        "url": "https://i.ytimg.com/vi/KvxlMKtwJbQ/default.jpg",
                        "width": 120,
                        "height": 90
                    },
                    "medium": {
                        "url": "https://i.ytimg.com/vi/KvxlMKtwJbQ/mqdefault.jpg",
                        "width": 320,
                        "height": 180
                    },
                    "high": {
                        "url": "https://i.ytimg.com/vi/KvxlMKtwJbQ/hqdefault.jpg",
                        "width": 480,
                        "height": 360
                    },
                    "standard": {
                        "url": "https://i.ytimg.com/vi/KvxlMKtwJbQ/sddefault.jpg",
                        "width": 640,
                        "height": 480
                    }
                },
                "channelTitle": "TV3MALAYSIA Official",
                "playlistId": "PLaXOt0nSNIubO1hHYzO3RhA03tP4o_BIF",
                "position": 28,
                "resourceId": {
                    "kind": "youtube#video",
                    "videoId": "KvxlMKtwJbQ"
                }
            }
        },
        {
            "kind": "youtube#playlistItem",
            "etag": "\"XpPGQXPnxQJhLgs6enD_n8JR4Qk/bQzuCYBtdhJ0J1NYdKKuoNhGgMw\"",
            "id": "UExhWE90MG5TTkl1Yk8xaEhZek8zUmhBMDN0UDRvX0JJRi43NDhFRTgwOTRERTU4Rjg3",
            "snippet": {
                "publishedAt": "2018-11-23T15:11:55.000Z",
                "channelId": "UCCduNupcztaN9sFrHV-fDIg",
                "title": "Hajat - Hael Husaini  | #SFMM33",
                "description": "Saksikan Semi Final Muzik-Muzik 33 minggu ketiga !\n\nMinggu ketiga SFMM akan menyaksikan 11 lagu yang akan dipertandingkan untuk Anugerah Juara Lagu 33 :\n\n1.     Haqiem Rusli – Jatuh Bangun\n2.     Haqiem Rusli – Selamat Tinggal Sayang\n3.     Misha Omar – Sampai Bila\n4.     Hael Husaini - Hajat\n5.     Wany Hasrita – Rintihan Rindu\n6.     Dayang Nurfaizah – Layarlah Kembali\n7.     One Avenue Band – Kisah Antara Kita\n8.     Siti Nordiana & Jaclyn Victor – Nisan Cinta\n\nLagu manakah yang bakal mara ke Anugerah Juara Lagu ke-33 ? \nSaksikan Semi Final Muzik-Muzik bermula jam 9 malam ini di TV3 dan juga strim LIVE di Youtube TV3Malaysia !\nFollow kami di FB , IG dan twitter @tv3malaysia untuk update terkini #SFMM33.",
                "thumbnails": {
                    "default": {
                        "url": "https://i.ytimg.com/vi/zkdb8zRGGSk/default.jpg",
                        "width": 120,
                        "height": 90
                    },
                    "medium": {
                        "url": "https://i.ytimg.com/vi/zkdb8zRGGSk/mqdefault.jpg",
                        "width": 320,
                        "height": 180
                    },
                    "high": {
                        "url": "https://i.ytimg.com/vi/zkdb8zRGGSk/hqdefault.jpg",
                        "width": 480,
                        "height": 360
                    },
                    "standard": {
                        "url": "https://i.ytimg.com/vi/zkdb8zRGGSk/sddefault.jpg",
                        "width": 640,
                        "height": 480
                    }
                },
                "channelTitle": "TV3MALAYSIA Official",
                "playlistId": "PLaXOt0nSNIubO1hHYzO3RhA03tP4o_BIF",
                "position": 29,
                "resourceId": {
                    "kind": "youtube#video",
                    "videoId": "zkdb8zRGGSk"
                }
            }
        },
        {
            "kind": "youtube#playlistItem",
            "etag": "\"XpPGQXPnxQJhLgs6enD_n8JR4Qk/R8mCVBROPQcF0EKpZnf8YjRfVDg\"",
            "id": "UExhWE90MG5TTkl1Yk8xaEhZek8zUmhBMDN0UDRvX0JJRi41QUZGQTY5OTE4QTREQUU4",
            "snippet": {
                "publishedAt": "2018-11-23T15:13:28.000Z",
                "channelId": "UCCduNupcztaN9sFrHV-fDIg",
                "title": "Persembahan Pembukaan - Sherry & Haziq | #SFMM33",
                "description": "Saksikan Semi Final Muzik-Muzik 33 minggu ketiga !\n\nMinggu ketiga SFMM akan menyaksikan 11 lagu yang akan dipertandingkan untuk Anugerah Juara Lagu 33 :\n\n1.     Haqiem Rusli – Jatuh Bangun\n2.     Haqiem Rusli – Selamat Tinggal Sayang\n3.     Misha Omar – Sampai Bila\n4.     Hael Husaini - Hajat\n5.     Wany Hasrita – Rintihan Rindu\n6.     Dayang Nurfaizah – Layarlah Kembali\n7.     One Avenue Band – Kisah Antara Kita\n8.     Siti Nordiana & Jaclyn Victor – Nisan Cinta\n\nLagu manakah yang bakal mara ke Anugerah Juara Lagu ke-33 ? \nSaksikan Semi Final Muzik-Muzik bermula jam 9 malam ini di TV3 dan juga strim LIVE di Youtube TV3Malaysia !\nFollow kami di FB , IG dan twitter @tv3malaysia untuk update terkini #SFMM33.",
                "thumbnails": {
                    "default": {
                        "url": "https://i.ytimg.com/vi/O5FSDWoa2xE/default.jpg",
                        "width": 120,
                        "height": 90
                    },
                    "medium": {
                        "url": "https://i.ytimg.com/vi/O5FSDWoa2xE/mqdefault.jpg",
                        "width": 320,
                        "height": 180
                    },
                    "high": {
                        "url": "https://i.ytimg.com/vi/O5FSDWoa2xE/hqdefault.jpg",
                        "width": 480,
                        "height": 360
                    },
                    "standard": {
                        "url": "https://i.ytimg.com/vi/O5FSDWoa2xE/sddefault.jpg",
                        "width": 640,
                        "height": 480
                    }
                },
                "channelTitle": "TV3MALAYSIA Official",
                "playlistId": "PLaXOt0nSNIubO1hHYzO3RhA03tP4o_BIF",
                "position": 30,
                "resourceId": {
                    "kind": "youtube#video",
                    "videoId": "O5FSDWoa2xE"
                }
            }
        },
        {
            "kind": "youtube#playlistItem",
            "etag": "\"XpPGQXPnxQJhLgs6enD_n8JR4Qk/A3vnHP7-LvoS96c6_CJtPtOGfXg\"",
            "id": "UExhWE90MG5TTkl1Yk8xaEhZek8zUmhBMDN0UDRvX0JJRi4zRDBDOEZDOUM0MDY5NEEz",
            "snippet": {
                "publishedAt": "2018-11-23T15:13:42.000Z",
                "channelId": "UCCduNupcztaN9sFrHV-fDIg",
                "title": "Jatuh Bangun - Haqiem Rusli Ft. Aman Ra | #SFMM33",
                "description": "Saksikan Semi Final Muzik-Muzik 33 minggu ketiga !\n\nMinggu ketiga SFMM akan menyaksikan 11 lagu yang akan dipertandingkan untuk Anugerah Juara Lagu 33 :\n\n1.     Haqiem Rusli – Jatuh Bangun\n2.     Haqiem Rusli – Selamat Tinggal Sayang\n3.     Misha Omar – Sampai Bila\n4.     Hael Husaini - Hajat\n5.     Wany Hasrita – Rintihan Rindu\n6.     Dayang Nurfaizah – Layarlah Kembali\n7.     One Avenue Band – Kisah Antara Kita\n8.     Siti Nordiana & Jaclyn Victor – Nisan Cinta\n\nLagu manakah yang bakal mara ke Anugerah Juara Lagu ke-33 ? \nSaksikan Semi Final Muzik-Muzik bermula jam 9 malam ini di TV3 dan juga strim LIVE di Youtube TV3Malaysia !\nFollow kami di FB , IG dan twitter @tv3malaysia untuk update terkini #SFMM33.",
                "thumbnails": {
                    "default": {
                        "url": "https://i.ytimg.com/vi/epieETRj7Lo/default.jpg",
                        "width": 120,
                        "height": 90
                    },
                    "medium": {
                        "url": "https://i.ytimg.com/vi/epieETRj7Lo/mqdefault.jpg",
                        "width": 320,
                        "height": 180
                    },
                    "high": {
                        "url": "https://i.ytimg.com/vi/epieETRj7Lo/hqdefault.jpg",
                        "width": 480,
                        "height": 360
                    },
                    "standard": {
                        "url": "https://i.ytimg.com/vi/epieETRj7Lo/sddefault.jpg",
                        "width": 640,
                        "height": 480
                    }
                },
                "channelTitle": "TV3MALAYSIA Official",
                "playlistId": "PLaXOt0nSNIubO1hHYzO3RhA03tP4o_BIF",
                "position": 31,
                "resourceId": {
                    "kind": "youtube#video",
                    "videoId": "epieETRj7Lo"
                }
            }
        },
        {
            "kind": "youtube#playlistItem",
            "etag": "\"XpPGQXPnxQJhLgs6enD_n8JR4Qk/E3-Ihce3D2ozLOG3-X-FLCpuglw\"",
            "id": "UExhWE90MG5TTkl1Yk8xaEhZek8zUmhBMDN0UDRvX0JJRi5CMEQ2Mjk5NTc3NDZFRUNB",
            "snippet": {
                "publishedAt": "2018-11-23T15:14:02.000Z",
                "channelId": "UCCduNupcztaN9sFrHV-fDIg",
                "title": "Rintihan Rindu - Wany Hasrita | #SFMM33",
                "description": "Saksikan Semi Final Muzik-Muzik 33 minggu ketiga !\n\nMinggu ketiga SFMM akan menyaksikan 11 lagu yang akan dipertandingkan untuk Anugerah Juara Lagu 33 :\n\n1.     Haqiem Rusli – Jatuh Bangun\n2.     Haqiem Rusli – Selamat Tinggal Sayang\n3.     Misha Omar – Sampai Bila\n4.     Hael Husaini - Hajat\n5.     Wany Hasrita – Rintihan Rindu\n6.     Dayang Nurfaizah – Layarlah Kembali\n7.     One Avenue Band – Kisah Antara Kita\n8.     Siti Nordiana & Jaclyn Victor – Nisan Cinta\n\nLagu manakah yang bakal mara ke Anugerah Juara Lagu ke-33 ? \nSaksikan Semi Final Muzik-Muzik bermula jam 9 malam ini di TV3 dan juga strim LIVE di Youtube TV3Malaysia !\nFollow kami di FB , IG dan twitter @tv3malaysia untuk update terkini #SFMM33.",
                "thumbnails": {
                    "default": {
                        "url": "https://i.ytimg.com/vi/xwdBHFrVEIY/default.jpg",
                        "width": 120,
                        "height": 90
                    },
                    "medium": {
                        "url": "https://i.ytimg.com/vi/xwdBHFrVEIY/mqdefault.jpg",
                        "width": 320,
                        "height": 180
                    },
                    "high": {
                        "url": "https://i.ytimg.com/vi/xwdBHFrVEIY/hqdefault.jpg",
                        "width": 480,
                        "height": 360
                    },
                    "standard": {
                        "url": "https://i.ytimg.com/vi/xwdBHFrVEIY/sddefault.jpg",
                        "width": 640,
                        "height": 480
                    }
                },
                "channelTitle": "TV3MALAYSIA Official",
                "playlistId": "PLaXOt0nSNIubO1hHYzO3RhA03tP4o_BIF",
                "position": 32,
                "resourceId": {
                    "kind": "youtube#video",
                    "videoId": "xwdBHFrVEIY"
                }
            }
        },
        {
            "kind": "youtube#playlistItem",
            "etag": "\"XpPGQXPnxQJhLgs6enD_n8JR4Qk/4zcNCjfsxfqEfTuK13UL3WdZVBo\"",
            "id": "UExhWE90MG5TTkl1Yk8xaEhZek8zUmhBMDN0UDRvX0JJRi42MTI4Njc2QjM1RjU1MjlG",
            "snippet": {
                "publishedAt": "2018-11-23T15:14:19.000Z",
                "channelId": "UCCduNupcztaN9sFrHV-fDIg",
                "title": "Nisan Cinta -  Siti Nordiana & Jaclyn Victor | #SFMM33",
                "description": "Saksikan Semi Final Muzik-Muzik 33 minggu ketiga !\n\nMinggu ketiga SFMM akan menyaksikan 11 lagu yang akan dipertandingkan untuk Anugerah Juara Lagu 33 :\n\n1.     Haqiem Rusli – Jatuh Bangun\n2.     Haqiem Rusli – Selamat Tinggal Sayang\n3.     Misha Omar – Sampai Bila\n4.     Hael Husaini - Hajat\n5.     Wany Hasrita – Rintihan Rindu\n6.     Dayang Nurfaizah – Layarlah Kembali\n7.     One Avenue Band – Kisah Antara Kita\n8.     Siti Nordiana & Jaclyn Victor – Nisan Cinta\n\nLagu manakah yang bakal mara ke Anugerah Juara Lagu ke-33 ? \nSaksikan Semi Final Muzik-Muzik bermula jam 9 malam ini di TV3 dan juga strim LIVE di Youtube TV3Malaysia !\nFollow kami di FB , IG dan twitter @tv3malaysia untuk update terkini #SFMM33.",
                "thumbnails": {
                    "default": {
                        "url": "https://i.ytimg.com/vi/x0D5PBpG3Z8/default.jpg",
                        "width": 120,
                        "height": 90
                    },
                    "medium": {
                        "url": "https://i.ytimg.com/vi/x0D5PBpG3Z8/mqdefault.jpg",
                        "width": 320,
                        "height": 180
                    },
                    "high": {
                        "url": "https://i.ytimg.com/vi/x0D5PBpG3Z8/hqdefault.jpg",
                        "width": 480,
                        "height": 360
                    },
                    "standard": {
                        "url": "https://i.ytimg.com/vi/x0D5PBpG3Z8/sddefault.jpg",
                        "width": 640,
                        "height": 480
                    }
                },
                "channelTitle": "TV3MALAYSIA Official",
                "playlistId": "PLaXOt0nSNIubO1hHYzO3RhA03tP4o_BIF",
                "position": 33,
                "resourceId": {
                    "kind": "youtube#video",
                    "videoId": "x0D5PBpG3Z8"
                }
            }
        },
        {
            "kind": "youtube#playlistItem",
            "etag": "\"XpPGQXPnxQJhLgs6enD_n8JR4Qk/AVFbefKD3RTCvnzn9PIMAIG_ex0\"",
            "id": "UExhWE90MG5TTkl1Yk8xaEhZek8zUmhBMDN0UDRvX0JJRi45RjNFMDhGQ0Q2RkFCQTc1",
            "snippet": {
                "publishedAt": "2018-11-23T15:14:41.000Z",
                "channelId": "UCCduNupcztaN9sFrHV-fDIg",
                "title": "Layarlah Kembali - Dayang Nurfaizah  | #SFMM33",
                "description": "Saksikan Semi Final Muzik-Muzik 33 minggu ketiga !\n\nMinggu ketiga SFMM akan menyaksikan 11 lagu yang akan dipertandingkan untuk Anugerah Juara Lagu 33 :\n\n1.     Haqiem Rusli – Jatuh Bangun\n2.     Haqiem Rusli – Selamat Tinggal Sayang\n3.     Misha Omar – Sampai Bila\n4.     Hael Husaini - Hajat\n5.     Wany Hasrita – Rintihan Rindu\n6.     Dayang Nurfaizah – Layarlah Kembali\n7.     One Avenue Band – Kisah Antara Kita\n8.     Siti Nordiana & Jaclyn Victor – Nisan Cinta\n\nLagu manakah yang bakal mara ke Anugerah Juara Lagu ke-33 ? \nSaksikan Semi Final Muzik-Muzik bermula jam 9 malam ini di TV3 dan juga strim LIVE di Youtube TV3Malaysia !\nFollow kami di FB , IG dan twitter @tv3malaysia untuk update terkini #SFMM33.",
                "thumbnails": {
                    "default": {
                        "url": "https://i.ytimg.com/vi/5OqddJbQ8-A/default.jpg",
                        "width": 120,
                        "height": 90
                    },
                    "medium": {
                        "url": "https://i.ytimg.com/vi/5OqddJbQ8-A/mqdefault.jpg",
                        "width": 320,
                        "height": 180
                    },
                    "high": {
                        "url": "https://i.ytimg.com/vi/5OqddJbQ8-A/hqdefault.jpg",
                        "width": 480,
                        "height": 360
                    },
                    "standard": {
                        "url": "https://i.ytimg.com/vi/5OqddJbQ8-A/sddefault.jpg",
                        "width": 640,
                        "height": 480
                    }
                },
                "channelTitle": "TV3MALAYSIA Official",
                "playlistId": "PLaXOt0nSNIubO1hHYzO3RhA03tP4o_BIF",
                "position": 34,
                "resourceId": {
                    "kind": "youtube#video",
                    "videoId": "5OqddJbQ8-A"
                }
            }
        },
        {
            "kind": "youtube#playlistItem",
            "etag": "\"XpPGQXPnxQJhLgs6enD_n8JR4Qk/X7-NK3-1RynqApTk9Zyudd_Eld0\"",
            "id": "UExhWE90MG5TTkl1Yk8xaEhZek8zUmhBMDN0UDRvX0JJRi40QTA3NTU2RkM1QzlCMzYx",
            "snippet": {
                "publishedAt": "2018-11-23T15:14:54.000Z",
                "channelId": "UCCduNupcztaN9sFrHV-fDIg",
                "title": "Selamat Tinggal Sayang - Haqiem Rusli  | #SFMM33",
                "description": "Saksikan Semi Final Muzik-Muzik 33 minggu ketiga !\n\nMinggu ketiga SFMM akan menyaksikan 11 lagu yang akan dipertandingkan untuk Anugerah Juara Lagu 33 :\n\n1.     Haqiem Rusli – Jatuh Bangun\n2.     Haqiem Rusli – Selamat Tinggal Sayang\n3.     Misha Omar – Sampai Bila\n4.     Hael Husaini - Hajat\n5.     Wany Hasrita – Rintihan Rindu\n6.     Dayang Nurfaizah – Layarlah Kembali\n7.     One Avenue Band – Kisah Antara Kita\n8.     Siti Nordiana & Jaclyn Victor – Nisan Cinta\n\nLagu manakah yang bakal mara ke Anugerah Juara Lagu ke-33 ? \nSaksikan Semi Final Muzik-Muzik bermula jam 9 malam ini di TV3 dan juga strim LIVE di Youtube TV3Malaysia !\nFollow kami di FB , IG dan twitter @tv3malaysia untuk update terkini #SFMM33.",
                "thumbnails": {
                    "default": {
                        "url": "https://i.ytimg.com/vi/ZvSr0ryA7g4/default.jpg",
                        "width": 120,
                        "height": 90
                    },
                    "medium": {
                        "url": "https://i.ytimg.com/vi/ZvSr0ryA7g4/mqdefault.jpg",
                        "width": 320,
                        "height": 180
                    },
                    "high": {
                        "url": "https://i.ytimg.com/vi/ZvSr0ryA7g4/hqdefault.jpg",
                        "width": 480,
                        "height": 360
                    },
                    "standard": {
                        "url": "https://i.ytimg.com/vi/ZvSr0ryA7g4/sddefault.jpg",
                        "width": 640,
                        "height": 480
                    }
                },
                "channelTitle": "TV3MALAYSIA Official",
                "playlistId": "PLaXOt0nSNIubO1hHYzO3RhA03tP4o_BIF",
                "position": 35,
                "resourceId": {
                    "kind": "youtube#video",
                    "videoId": "ZvSr0ryA7g4"
                }
            }
        },
        {
            "kind": "youtube#playlistItem",
            "etag": "\"XpPGQXPnxQJhLgs6enD_n8JR4Qk/5KdjNHYcVHKCtfpStZIOTpNboXk\"",
            "id": "UExhWE90MG5TTkl1Yk8xaEhZek8zUmhBMDN0UDRvX0JJRi5BRjJDODk5REM0NjkzMUIy",
            "snippet": {
                "publishedAt": "2018-11-23T15:15:56.000Z",
                "channelId": "UCCduNupcztaN9sFrHV-fDIg",
                "title": "Kisah Antara Kita - One Avenue Band | #SFMM33",
                "description": "Saksikan Semi Final Muzik-Muzik 33 minggu ketiga !\n\nMinggu ketiga SFMM akan menyaksikan 11 lagu yang akan dipertandingkan untuk Anugerah Juara Lagu 33 :\n\n1.     Haqiem Rusli – Jatuh Bangun\n2.     Haqiem Rusli – Selamat Tinggal Sayang\n3.     Misha Omar – Sampai Bila\n4.     Hael Husaini - Hajat\n5.     Wany Hasrita – Rintihan Rindu\n6.     Dayang Nurfaizah – Layarlah Kembali\n7.     One Avenue Band – Kisah Antara Kita\n8.     Siti Nordiana & Jaclyn Victor – Nisan Cinta\n\nLagu manakah yang bakal mara ke Anugerah Juara Lagu ke-33 ? \nSaksikan Semi Final Muzik-Muzik bermula jam 9 malam ini di TV3 dan juga strim LIVE di Youtube TV3Malaysia !\nFollow kami di FB , IG dan twitter @tv3malaysia untuk update terkini #SFMM33.",
                "thumbnails": {
                    "default": {
                        "url": "https://i.ytimg.com/vi/OG6nkuwXyFQ/default.jpg",
                        "width": 120,
                        "height": 90
                    },
                    "medium": {
                        "url": "https://i.ytimg.com/vi/OG6nkuwXyFQ/mqdefault.jpg",
                        "width": 320,
                        "height": 180
                    },
                    "high": {
                        "url": "https://i.ytimg.com/vi/OG6nkuwXyFQ/hqdefault.jpg",
                        "width": 480,
                        "height": 360
                    },
                    "standard": {
                        "url": "https://i.ytimg.com/vi/OG6nkuwXyFQ/sddefault.jpg",
                        "width": 640,
                        "height": 480
                    }
                },
                "channelTitle": "TV3MALAYSIA Official",
                "playlistId": "PLaXOt0nSNIubO1hHYzO3RhA03tP4o_BIF",
                "position": 36,
                "resourceId": {
                    "kind": "youtube#video",
                    "videoId": "OG6nkuwXyFQ"
                }
            }
        },
        {
            "kind": "youtube#playlistItem",
            "etag": "\"XpPGQXPnxQJhLgs6enD_n8JR4Qk/q1cx11bjeirgGTOM5a7xhglIvNI\"",
            "id": "UExhWE90MG5TTkl1Yk8xaEhZek8zUmhBMDN0UDRvX0JJRi4xOTEzQzhBQzU3MDNDNjcz",
            "snippet": {
                "publishedAt": "2018-11-23T16:24:41.000Z",
                "channelId": "UCCduNupcztaN9sFrHV-fDIg",
                "title": "12 Lagu Finalis  | #AJL33",
                "description": "Saksikan Semi Final Muzik-Muzik 33 minggu ketiga !\n\nMinggu ketiga SFMM akan menyaksikan 11 lagu yang akan dipertandingkan untuk Anugerah Juara Lagu 33 :\n\n1.     Haqiem Rusli – Jatuh Bangun\n2.     Haqiem Rusli – Selamat Tinggal Sayang\n3.     Misha Omar – Sampai Bila\n4.     Hael Husaini - Hajat\n5.     Wany Hasrita – Rintihan Rindu\n6.     Dayang Nurfaizah – Layarlah Kembali\n7.     One Avenue Band – Kisah Antara Kita\n8.     Siti Nordiana & Jaclyn Victor – Nisan Cinta\n\nLagu manakah yang bakal mara ke Anugerah Juara Lagu ke-33 ? \nSaksikan Semi Final Muzik-Muzik bermula jam 9 malam ini di TV3 dan juga strim LIVE di Youtube TV3Malaysia !\nFollow kami di FB , IG dan twitter @tv3malaysia untuk update terkini #SFMM33.",
                "thumbnails": {
                    "default": {
                        "url": "https://i.ytimg.com/vi/rICBiwEfXJ8/default.jpg",
                        "width": 120,
                        "height": 90
                    },
                    "medium": {
                        "url": "https://i.ytimg.com/vi/rICBiwEfXJ8/mqdefault.jpg",
                        "width": 320,
                        "height": 180
                    },
                    "high": {
                        "url": "https://i.ytimg.com/vi/rICBiwEfXJ8/hqdefault.jpg",
                        "width": 480,
                        "height": 360
                    },
                    "standard": {
                        "url": "https://i.ytimg.com/vi/rICBiwEfXJ8/sddefault.jpg",
                        "width": 640,
                        "height": 480
                    }
                },
                "channelTitle": "TV3MALAYSIA Official",
                "playlistId": "PLaXOt0nSNIubO1hHYzO3RhA03tP4o_BIF",
                "position": 37,
                "resourceId": {
                    "kind": "youtube#video",
                    "videoId": "rICBiwEfXJ8"
                }
            }
        }
    ]
}