{
  "item": [
    {
      "image_url": "img/gallery/SFMM33-1.jpg"
    },
    {
      "image_url": "img/gallery/SFMM33-2.jpg"
    },
    {
      "image_url": "img/gallery/SFMM33-3.jpg"
    },
    {
      "image_url": "img/gallery/SFMM33-4.jpg"
    },
    {
      "image_url": "img/gallery/SFMM33-5.jpg"
    },
    {
      "image_url": "img/gallery/SFMM33-6.jpg"
    },
    {
      "image_url": "img/gallery/SFMM33-7.jpg"
    },
    {
      "image_url": "img/gallery/SFMM33-8.jpg"
    },
    {
      "image_url": "img/gallery/SFMM33-9.jpg"
    },
    {
      "image_url": "img/gallery/SFMM33-10.jpg"
    },
    {
      "image_url": "img/gallery/SFMM33-11.jpg"
    },
    {
      "image_url": "img/gallery/SFMM33-12.jpg"
    },
    {
      "image_url": "img/gallery/SFMM33-13.jpg"
    },
    {
      "image_url": "img/gallery/SFMM33-14.jpg"
    },
    {
      "image_url": "img/gallery/SFMM33-15.jpg"
    },
    {
      "image_url": "img/gallery/SFMM33-16.jpg"
    },
    {
      "image_url": "img/gallery/SFMM33-17.jpg"
    },
    {
      "image_url": "img/gallery/SFMM33-18.jpg"
    }
  ]
}
