[{"id":49916,"date":"2018-12-07T10:35:48","date_gmt":"2018-12-07T02:35:48","guid":{"rendered":"http:\/\/cms.tontonextra.com.my\/?p=49916"},"modified":"2018-12-07T10:35:48","modified_gmt":"2018-12-07T02:35:48","slug":"tv3yingpiandeng2018-youtube-malaysiaremenshipinguanjunbaozuo","status":"publish","type":"post","link":"http:\/\/cms.tontonextra.com.my\/tv3yingpiandeng2018-youtube-malaysiaremenshipinguanjunbaozuo\/","title":{"rendered":"TV3\u5f71\u7247\u767b\u300c2018 YouTube Malaysia\u70ed\u95e8\u89c6\u9891\u300d\u51a0\u519b\u5b9d\u5ea7\uff01"},"content":{"rendered":"<blockquote>\n<p><strong><span class=\"tlid-translation translation\">\u5982\u540c\u5f80\u5e38\uff0c\u968f\u7740\u4eca\u5e74\u6e10\u6e10\u5730\u8fdb\u5165\u5c3e\u58f0\uff0c\u73b0\u5728\u662f\u65f6\u5019\u56de\u987e\u5b9a\u4e49\u4e86\u4eca\u5e74YouTube\u6d41\u884c\u8d8b\u52bf\u7684\u70ed\u95e8\u6b4c\u66f2\uff0c\u7206\u7ea2\u89c6\u9891\u4ee5\u53ca\u6781\u5177\u521b\u610f\u7684\u521b\u4f5c\u8005\u4e86\uff01<\/span><\/strong><\/p>\n<\/blockquote>\n<p><span class=\"tlid-translation translation\">\u4ee5\u4e0b\u63d0\u53ca\u7684\u89c6\u9891\u7686\u5df2\u6839\u636e\u5927\u9a6c\u7684\u603b\u89c2\u770b\u65f6\u95f4\u3001\u5206\u4eab\u603b\u6570\u3001\u8bc4\u8bba\u603b\u6570\u3001\u70b9\u8d5e\u603b\u6570\u548c\u5176\u4ed6\u6807\u51c6\u5224\u5b9a\u4e3a\u5e74\u5ea6\u70ed\u95e8\u89c6\u9891\uff1b\u4ed6\u4eec\u8c61\u5f81\u7740\u4eca\u5e74YouTube\u9a6c\u6765\u897f\u4e9a\u6d41\u884c\u8d8b\u52bf\u7684\u591a\u5143\u6027\u4e0e\u521b\u65b0\u6027\u3002<\/span><\/p>\n<p style=\"text-align: center;\"><iframe src=\"\/\/www.youtube.com\/embed\/Rt-fgbsMQpM\" width=\"560\" height=\"314\" allowfullscreen=\"allowfullscreen\"><\/iframe><br \/>\n\uff08\u5f71\u7247\uff0f\u53d6\u81eaYouTube\uff0fTV3MALAYSIA Official\uff0c\u5982\u906d\u5220\u9664\u8bf7\u89c1\u8c05\u3002\uff09<\/p>\n<p><span class=\"tlid-translation translation\">\u6b4c\u624bSyamel\u548cErnie Zakri\u4ee5\u5176\u4eca\u5e742\u6708\u5728<span class=\"st\">TV3\u97f3\u4e50\u9881\u5956\u5178\u793c\u300aAnugerah Juara Lagu\u300b\u4e0a\u6f14\u5531\u7684<\/span>\u300aAku Cinta\u300b\u73b0\u573a\u7248\u8363\u767b\u5e74\u5ea6\u70ed\u95e8\u89c6\u9891\u4e4b\u9996\uff1b\u800c\u7d27\u8ffd\u5176\u540e\u7684\u5219\u662fAstro\u51fa\u54c1\u7684\u7206\u7ea2\u5f00\u658b\u8282\u5e7f\u544a\u3002<\/span><span class=\"tlid-translation translation\"><br \/>\n<\/span><\/p>\n<blockquote>\n<p><span style=\"color: #800000;\">\u3010<strong>2018 \u5e74\u5ea6 YouTube Malaysia \u70ed\u95e8\u89c6\u9891<\/strong>\u3011<\/span><br \/>\n1. <a href=\"https:\/\/www.youtube.com\/watch?v=Rt-fgbsMQpM&amp;feature=youtu.be\">#AJL32 | Syamel &amp; Ernie Zakri | Aku Cinta<\/a><br \/>\n2. <a href=\"https:\/\/www.youtube.com\/watch?v=leGhK2yEoHw&amp;feature=youtu.be\">Gaya Raya Paling Ori &#8211; Filem Pendek Astro Raya 2018<\/a><br \/>\n3. <a href=\"https:\/\/www.youtube.com\/watch?v=Ml5dS_5vLdE&amp;feature=youtu.be\">Hantu Kak Limah (Tayangan Perdana)[HD] Di Pawagam Mulai 9 Ogos<\/a><br \/>\n4. <a href=\"https:\/\/www.youtube.com\/watch?v=-5XLs67SdHY&amp;amp;feature=youtu.be\">Srikandi Cintaku &#8211; Dato&#8217; Awie &amp; Mus May (Ost. Hantu Kak Limah)<\/a><br \/>\n5. <a href=\"https:\/\/www.youtube.com\/watch?v=3aPIYObq8do&amp;feature=youtu.be\">Dugaan Puasa<\/a><br \/>\n6. <a href=\"https:\/\/www.youtube.com\/watch?v=ft8oLwsoIN0&amp;feature=youtu.be\">Kugiran Masdo &#8211; Bunga<\/a><br \/>\n7. <a href=\"https:\/\/www.youtube.com\/watch?v=Cs5z0Ryc1LU&amp;feature=youtu.be\">Sedap budak ni nyanyi, berdiri bulu roma kalau dengar<\/a><br \/>\n8. <a href=\"https:\/\/www.youtube.com\/watch?v=6Xo3sFIBel0&amp;feature=youtu.be\">Maya Karin muntah darah di set MeleTOP? | Syamsul Yusof &amp; Nasir Bilal Khan<\/a><br \/>\n9. <a href=\"https:\/\/www.youtube.com\/watch?v=0Yhb-SAu3as&amp;feature=youtu.be\">Motif Viral: Awek Manja Nak Cendol Pun Tak Tahu Kenapa Dia Viral<\/a><br \/>\n10. <a href=\"https:\/\/www.youtube.com\/watch?v=efWh8Enr8SQ&amp;amp=&amp;feature=youtu.be\">#AME2018 I Persembahan Ruffedge padu ubat rindu | Bila Rindu, Lemas, Tipah Tertipu, Khayalan<\/a><\/p>\n<\/blockquote>\n<p><span class=\"tlid-translation translation\">\u5728\u8fd9\u4e9b\u89c6\u9891\u5f53\u4e2d\uff0c\u6709\u8005\u4e3a\u4f18\u79c0\u7684\u672c\u5730\u97f3\u4e50\u4f5c\u54c1\uff0c\u8ba9\u4f17\u591a\u542c\u4f17\u90fd\u542c\u51fa\u8033\u6cb9;\u6709\u8005\u5219\u4e3a\u5927\u9a6c\u4eba\u500d\u611f\u4eb2\u5207\u7684\u6b22\u4e50\u8da3\u4e8b\u96c6\u9526\uff0c\u6210\u529f\u6233\u4e2d\u4e86\u4e0d\u5c11\u89c2\u4f17\u7684\u7b11\u70b9\u3002<\/span><\/p>\n<p>&nbsp;<\/p>\n","protected":false},"excerpt":{"rendered":"<p>\u5982\u540c\u5f80\u5e38\uff0c\u968f\u7740\u4eca\u5e74\u6e10\u6e10\u5730\u8fdb\u5165\u5c3e\u58f0\uff0c\u73b0\u5728\u662f\u65f6\u5019\u56de\u987e\u5b9a\u4e49\u4e86\u4eca\u5e74YouTube\u6d41\u884c\u8d8b\u52bf\u7684\u70ed\u95e8\u6b4c\u66f2\uff0c\u7206\u7ea2\u89c6\u9891\u4ee5\u53ca\u6781\u5177\u521b\u610f\u7684\u521b\u4f5c\u8005\u4e86\uff01<\/p>\n","protected":false},"author":5,"featured_media":49921,"comment_status":"open","ping_status":"open","sticky":false,"template":"","format":"standard","meta":[],"categories":[412,6],"tags":[475,1440,14024,14023,12,1441,1438,23,507,917],"image":"http:\/\/cms.tontonextra.com.my\/wp-content\/uploads\/2018\/12\/Youtube-Malaysia_2018-Top-Video_Featured-Image-1024x576.jpg","categories_names":["Celeb Buzz","ENTERTAINMENT"],"categories_slug":"celeb-buzz","tags_slug":"ajl-32","_links":{"self":[{"href":"http:\/\/cms.tontonextra.com.my\/wp-json\/wp\/v2\/posts\/49916"}],"collection":[{"href":"http:\/\/cms.tontonextra.com.my\/wp-json\/wp\/v2\/posts"}],"about":[{"href":"http:\/\/cms.tontonextra.com.my\/wp-json\/wp\/v2\/types\/post"}],"author":[{"embeddable":true,"href":"http:\/\/cms.tontonextra.com.my\/wp-json\/wp\/v2\/users\/5"}],"replies":[{"embeddable":true,"href":"http:\/\/cms.tontonextra.com.my\/wp-json\/wp\/v2\/comments?post=49916"}],"version-history":[{"href":"http:\/\/cms.tontonextra.com.my\/wp-json\/wp\/v2\/posts\/49916\/revisions"}],"wp:featuredmedia":[{"embeddable":true,"href":"http:\/\/cms.tontonextra.com.my\/wp-json\/wp\/v2\/media\/49921"}],"wp:attachment":[{"href":"http:\/\/cms.tontonextra.com.my\/wp-json\/wp\/v2\/media?parent=49916"}],"wp:term":[{"taxonomy":"category","embeddable":true,"href":"http:\/\/cms.tontonextra.com.my\/wp-json\/wp\/v2\/categories?post=49916"},{"taxonomy":"post_tag","embeddable":true,"href":"http:\/\/cms.tontonextra.com.my\/wp-json\/wp\/v2\/tags?post=49916"}],"curies":[{"name":"wp","href":"https:\/\/api.w.org\/{rel}","templated":true}]}},{"id":7595,"date":"2018-02-20T09:06:15","date_gmt":"2018-02-20T09:06:15","guid":{"rendered":"http:\/\/cms.tontonextra.com.my\/?p=7595"},"modified":"2018-02-20T09:06:15","modified_gmt":"2018-02-20T09:06:15","slug":"are-you-watching-these-current-top-5-hottest-shows","status":"publish","type":"post","link":"http:\/\/cms.tontonextra.com.my\/are-you-watching-these-current-top-5-hottest-shows\/","title":{"rendered":"ARE YOU WATCHING THESE CURRENT TOP 5 HOTTEST SHOWS?"},"content":{"rendered":"<p>These days there are so many shows to watch that we don&#8217;t even know which one to follow anymore. To make matters worse, TV shows are usually at a fixed timing and if we miss it&#8230;well, that&#8217;s too bad then.<\/p>\n<p>Thankfully, we&#8217;ve got some amazing video streaming services like tonton to help us catch up with all the amazing shows. We get to watch whatever we want, wherever and whenever!<\/p>\n<p>There&#8217;s nothing stopping us from actually binge watching all those amazing shows either.<\/p>\n<p>So, have you been catching up with some of the shows that are trending lately?<\/p>\n<p><span style=\"font-size: 18pt;\"><strong>1. Cross<\/strong><\/span><\/p>\n<div id=\"attachment_8546\" style=\"width: 613px\" class=\"wp-caption aligncenter\"><img class=\"wp-image-8546 size-full\" src=\"http:\/\/cms.tontonextra.com.my\/wp-content\/uploads\/2018\/02\/3-1.png\" alt=\"\" width=\"603\" height=\"603\" srcset=\"http:\/\/cms.tontonextra.com.my\/wp-content\/uploads\/2018\/02\/3-1.png 603w, http:\/\/cms.tontonextra.com.my\/wp-content\/uploads\/2018\/02\/3-1-150x150.png 150w, http:\/\/cms.tontonextra.com.my\/wp-content\/uploads\/2018\/02\/3-1-500x500.png 500w\" sizes=\"(max-width: 603px) 100vw, 603px\" \/><p class=\"wp-caption-text\">Source: <a href=\"http:\/\/img.tenasia.hankyung.com\/webwp_kr\/wp-content\/uploads\/2018\/02\/2018021309110913036.png\">\ud150\uc544\uc2dc\uc544<\/a><\/p><\/div>\n<p>Cross is a Korean medical thriller drama which has been taking screens across Asia by storm. The plot includes medical issues, romance, murder and revenge.<\/p>\n<p>This nail-biting TV series stars Go Kyung Pyo, Cho Jae Hyun and Jeon So Min. From the cast alone, you definitely know that the acting is top-notch.<\/p>\n<p>Follow the show on <a href=\"https:\/\/www.tonton.com.my\/tvShow?titleId=5a77cedbfec3473a8c8b5853\">tonton<\/a> as episodes are released every Monday and Tuesday at 10.30pm, the same time as Korea.<\/p>\n<p>&nbsp;<\/p>\n<p><span style=\"font-size: 18pt;\"><strong>2.\u00a0<\/strong><\/span><span style=\"font-size: 24px;\"><b>Doppelganger<\/b><\/span><\/p>\n<div id=\"attachment_8545\" style=\"width: 612px\" class=\"wp-caption aligncenter\"><img class=\"wp-image-8545 size-full\" src=\"http:\/\/cms.tontonextra.com.my\/wp-content\/uploads\/2018\/02\/2-1.jpg\" alt=\"\" width=\"602\" height=\"611\" srcset=\"http:\/\/cms.tontonextra.com.my\/wp-content\/uploads\/2018\/02\/2-1.jpg 602w, http:\/\/cms.tontonextra.com.my\/wp-content\/uploads\/2018\/02\/2-1-493x500.jpg 493w\" sizes=\"(max-width: 602px) 100vw, 602px\" \/><p class=\"wp-caption-text\">Source: <a href=\"https:\/\/scontent-dft4-3.cdninstagram.com\/vp\/8eed50a9318ebd79867a7a3529d1dd4d\/5B22A11C\/t51.2885-15\/e35\/26871615_161047104547000_377330533564153856_n.jpg\">Insza<\/a><\/p><\/div>\n<p>This Singaporean series revolves around the life of a man who constantly runs out of luck no matter what he does. Just as Li Wei thought he was about to have a break in life, something awful happens which turns his life down south again.<\/p>\n<p>Lies are built upon lies to cover up ugly facts but just as those deceit unravel and the truth is revealed, Li Wei finds himself stuck in the toughest dilemma in his life.<\/p>\n<p>Follow as Li Wei weaves through his and others&#8217; lives on <a href=\"https:\/\/www.tonton.com.my\/tvShow?titleId=5a77beb604e13fe5a88b4709\">tonton<\/a> every Monday and Friday at 9.30pm.<\/p>\n<p>&nbsp;<\/p>\n<p><span style=\"font-size: 18pt;\"><strong>3. Under The Black Moonlight<\/strong><\/span><\/p>\n<div id=\"attachment_8544\" style=\"width: 612px\" class=\"wp-caption aligncenter\"><img class=\"wp-image-8544 size-full\" src=\"http:\/\/cms.tontonextra.com.my\/wp-content\/uploads\/2018\/02\/1-1.png\" alt=\"\" width=\"602\" height=\"351\" srcset=\"http:\/\/cms.tontonextra.com.my\/wp-content\/uploads\/2018\/02\/1-1.png 602w, http:\/\/cms.tontonextra.com.my\/wp-content\/uploads\/2018\/02\/1-1-500x292.png 500w\" sizes=\"(max-width: 602px) 100vw, 602px\" \/><p class=\"wp-caption-text\">Source: <a href=\"https:\/\/6.viki.io\/image\/0a2f4927ef194408ac8473df5f2a69ea.jpeg?x=b&amp;s=460x268&amp;e=t&amp;f=t&amp;cb=1\">Viki<\/a><\/p><\/div>\n<p>This dramatic series which revolves around hidden secrets has captivated audiences from around the world. Nobody could stop watching as long as the show is playing as the mysteries slowly unravel to reveal some of the most shocking incidences.<\/p>\n<p>Love and tragedy just seems to go well hand-in-hand and this show portrays how the worst of the things could go wrong. Follow the show on <a href=\"https:\/\/www.tonton.com.my\/tvShow?titleId=5a44510ce1295a04d18b4884\">tonton<\/a> and don&#8217;t be left out of the loop.<\/p>\n<p>&nbsp;<\/p>\n<p><span style=\"font-size: 18pt;\"><strong>4. Anugerah Juara Lagu<\/strong><\/span><\/p>\n<div id=\"attachment_8087\" style=\"width: 667px\" class=\"wp-caption aligncenter\"><img class=\"wp-image-8087 size-full\" src=\"http:\/\/cms.tontonextra.com.my\/wp-content\/uploads\/2018\/02\/altimet-2-2.jpg\" alt=\"\" width=\"657\" height=\"442\" srcset=\"http:\/\/cms.tontonextra.com.my\/wp-content\/uploads\/2018\/02\/altimet-2-2.jpg 657w, http:\/\/cms.tontonextra.com.my\/wp-content\/uploads\/2018\/02\/altimet-2-2-500x336.jpg 500w\" sizes=\"(max-width: 657px) 100vw, 657px\" \/><p class=\"wp-caption-text\">Persembahan Altimet menerusi lagu Amboi di pentas AJL32<\/p><\/div>\n<p>The annual Anugeral Juara Lagu event just happened a while ago and people have been replaying the event from tonton non-stop.<\/p>\n<p>The event sold out within hours of the launch of the tickets at the Axiata Stadium so for those left at home watched it through tonton which live-streamed the whole event, including all of the performances and special backstage interviews!<\/p>\n<p>If you haven&#8217;t watch all those epic acts yet, fret not as you can still catch-up through <a href=\"https:\/\/www.tonton.com.my\/tvShow?titleId=5a7c8d60dc2ee142d78b4f2e\">tonton<\/a>.<\/p>\n<p>&nbsp;<\/p>\n<p><span style=\"font-size: 18pt;\"><strong>5. Singing In The Spring: The Movie<\/strong><\/span><\/p>\n<p><img class=\"aligncenter wp-image-6329 size-full\" src=\"http:\/\/cms.tontonextra.com.my\/wp-content\/uploads\/2018\/01\/Singing-In-The-Spring-PC_06.jpg\" alt=\"\" width=\"600\" height=\"600\" srcset=\"http:\/\/cms.tontonextra.com.my\/wp-content\/uploads\/2018\/01\/Singing-In-The-Spring-PC_06.jpg 600w, http:\/\/cms.tontonextra.com.my\/wp-content\/uploads\/2018\/01\/Singing-In-The-Spring-PC_06-150x150.jpg 150w, http:\/\/cms.tontonextra.com.my\/wp-content\/uploads\/2018\/01\/Singing-In-The-Spring-PC_06-500x500.jpg 500w\" sizes=\"(max-width: 600px) 100vw, 600px\" \/><\/p>\n<p>This <a href=\"https:\/\/www.tonton.com.my\/tvShow?titleId=5a84f6f0dc2ee155a08b464a\">tonton original movie<\/a> is the perfect Chinese New Year film to watch with the family this year. The TV series itself has been hilariously enjoyable to watch.<\/p>\n<p>The singing competition has ended and so has the rivalry. Though the competitors have been going at each other while baring their teeth and fangs, they suddenly became a united community after the competition finished.<\/p>\n<p>However, a newcomer to the neighbourhood is a wolf in sheep&#8217;s clothing as he has a motive for joining those people. What trouble could possibly come next?<\/p>\n<p>&nbsp;<\/p>\n<p>Indeed, these programs are deemed the current hottest shows for a reason; they are just so entertaining to watch!<\/p>\n<p>If you haven&#8217;t kept up with these shows, then it&#8217;s time to do so now through tonton.<\/p>\n","protected":false},"excerpt":{"rendered":"<p>There are many shows trending currently but are you keeping up with these current top 5 shows?<\/p>\n","protected":false},"author":8,"featured_media":8548,"comment_status":"open","ping_status":"open","sticky":false,"template":"","format":"standard","meta":[],"categories":[6,37,413],"tags":[3180,475,79,3209,186,2009,893,3582,3584,11,60,3580,75,1485,3581,604,1740,1141,304,556,3583,557],"image":"http:\/\/cms.tontonextra.com.my\/wp-content\/uploads\/2018\/02\/Feature-2.png","categories_names":["ENTERTAINMENT","FEATURED","Movie Mania!"],"categories_slug":"entertainment","tags_slug":"ajl","_links":{"self":[{"href":"http:\/\/cms.tontonextra.com.my\/wp-json\/wp\/v2\/posts\/7595"}],"collection":[{"href":"http:\/\/cms.tontonextra.com.my\/wp-json\/wp\/v2\/posts"}],"about":[{"href":"http:\/\/cms.tontonextra.com.my\/wp-json\/wp\/v2\/types\/post"}],"author":[{"embeddable":true,"href":"http:\/\/cms.tontonextra.com.my\/wp-json\/wp\/v2\/users\/8"}],"replies":[{"embeddable":true,"href":"http:\/\/cms.tontonextra.com.my\/wp-json\/wp\/v2\/comments?post=7595"}],"version-history":[{"href":"http:\/\/cms.tontonextra.com.my\/wp-json\/wp\/v2\/posts\/7595\/revisions"}],"wp:featuredmedia":[{"embeddable":true,"href":"http:\/\/cms.tontonextra.com.my\/wp-json\/wp\/v2\/media\/8548"}],"wp:attachment":[{"href":"http:\/\/cms.tontonextra.com.my\/wp-json\/wp\/v2\/media?parent=7595"}],"wp:term":[{"taxonomy":"category","embeddable":true,"href":"http:\/\/cms.tontonextra.com.my\/wp-json\/wp\/v2\/categories?post=7595"},{"taxonomy":"post_tag","embeddable":true,"href":"http:\/\/cms.tontonextra.com.my\/wp-json\/wp\/v2\/tags?post=7595"}],"curies":[{"name":"wp","href":"https:\/\/api.w.org\/{rel}","templated":true}]}},{"id":7766,"date":"2018-02-12T11:48:14","date_gmt":"2018-02-12T11:48:14","guid":{"rendered":"http:\/\/cms.tontonextra.com.my\/?p=7766"},"modified":"2018-02-12T11:48:14","modified_gmt":"2018-02-12T11:48:14","slug":"heres-a-list-of-the-ajl32-winners","status":"publish","type":"post","link":"http:\/\/cms.tontonextra.com.my\/hael-husaini-became-the-biggest-winner-of-anugerah-juara-lagu-32\/","title":{"rendered":"HERE&#8217;S A LIST OF THE AJL32 WINNERS!"},"content":{"rendered":"<p>The highly anticipated award show was held at Axiata Arena, Bukit Jalil on Sunday, 11th of February with an amazing turn out.<\/p>\n<p>It was a star-studded event as many top celebrities like Hael Husaini, Azmi Caliph Buskers,\u00a0Haqiem Rusli,\u00a0Syamel,\u00a0Erni Zakri,\u00a0Altimet,\u00a0Khai Bahar,\u00a0Stacy, and many more attended the award show!\u00a0<\/p>\n<p>Below is the list of winners for Anugerah Juara Lagu 32.<\/p>\n<p><span style=\"font-size: 18pt;\"><strong>1. Anugerah Juara Lagu &#8211; Hael Husaini<\/strong><\/span><\/p>\n<div id=\"attachment_7796\" style=\"width: 610px\" class=\"wp-caption aligncenter\"><img class=\"wp-image-7796 size-full\" src=\"http:\/\/cms.tontonextra.com.my\/wp-content\/uploads\/2018\/02\/ajl001.jpg\" alt=\"\" width=\"600\" height=\"398\" srcset=\"http:\/\/cms.tontonextra.com.my\/wp-content\/uploads\/2018\/02\/ajl001.jpg 600w, http:\/\/cms.tontonextra.com.my\/wp-content\/uploads\/2018\/02\/ajl001-500x332.jpg 500w\" sizes=\"(max-width: 600px) 100vw, 600px\" \/><p class=\"wp-caption-text\">Image via <a href=\"https:\/\/www.mynewshub.cc\/\">mynewshub<\/a><\/p><\/div>\n<p>Hael was awarded Anugerah Juara Lagu 32 as he is the winner of the award show. He won with his song, &#8216;Jampi&#8217;, which was highly anticipated by fans and his fanbase is massive!<\/p>\n<p>Hael performed with a whole new arrangement of his song accompanied with extraordinary LED lights. This definitely brought a surprise to his fans.<\/p>\n<p>Besides, he won himself a total of RM50,000, CJ Wow Shop vouchers worth RM10,000 and also a gorgeous trophy.<\/p>\n<p>&nbsp;<\/p>\n<p><span style=\"font-size: 18pt;\"><strong>2. Runner Up of AJL &#8211; Azmi Caliph Buskers<\/strong><\/span><\/p>\n<p><img class=\"aligncenter wp-image-7799 size-full\" src=\"http:\/\/cms.tontonextra.com.my\/wp-content\/uploads\/2018\/02\/ajl02.jpg\" alt=\"\" width=\"600\" height=\"531\" srcset=\"http:\/\/cms.tontonextra.com.my\/wp-content\/uploads\/2018\/02\/ajl02.jpg 600w, http:\/\/cms.tontonextra.com.my\/wp-content\/uploads\/2018\/02\/ajl02-500x443.jpg 500w\" sizes=\"(max-width: 600px) 100vw, 600px\" \/><\/p>\n<p>The runner up of the night went to\u00a0Azmi Caliph Buskers who sang &#8216;Sejati&#8217; which was written by\u00a0Faizal Tahir and Mike Chan. He won RM35,000 and a gorgeous trophy too.<\/p>\n<p>&nbsp;<\/p>\n<p><span style=\"font-size: 18pt;\"><strong>3. Second Runner Up of AJL &#8211;\u00a0Haqiem Rusli<\/strong><\/span><\/p>\n<div id=\"attachment_7802\" style=\"width: 610px\" class=\"wp-caption aligncenter\"><img class=\"wp-image-7802 size-full\" src=\"http:\/\/cms.tontonextra.com.my\/wp-content\/uploads\/2018\/02\/ajl005.jpg\" alt=\"\" width=\"600\" height=\"600\" srcset=\"http:\/\/cms.tontonextra.com.my\/wp-content\/uploads\/2018\/02\/ajl005.jpg 600w, http:\/\/cms.tontonextra.com.my\/wp-content\/uploads\/2018\/02\/ajl005-150x150.jpg 150w, http:\/\/cms.tontonextra.com.my\/wp-content\/uploads\/2018\/02\/ajl005-500x500.jpg 500w\" sizes=\"(max-width: 600px) 100vw, 600px\" \/><p class=\"wp-caption-text\">Image via <a href=\"http:\/\/www.melvister.com\/2018\/02\/keputusan-rasmi-ajl-32-anugerah-juara-lagu-ajl-2018.html\">melvister.com<\/a><\/p><\/div>\n<p>Haqiem Rusli brought home the title of second runner up of AJL with his song &#8216;Tergantung Sepi&#8217; written by\u00a0Gouffran and Ibnu.<\/p>\n<p>He won himself RM20,000 and the beautiful AJL trophy.<\/p>\n<p>&nbsp;<\/p>\n<p><span style=\"font-size: 18pt;\"><strong>4. Best Vocal Performance &#8211;\u00a0Syamel and Erni Zakri<\/strong><\/span><\/p>\n<p><img class=\"aligncenter wp-image-7800 size-full\" src=\"http:\/\/cms.tontonextra.com.my\/wp-content\/uploads\/2018\/02\/ajl003.jpg\" alt=\"\" width=\"600\" height=\"546\" srcset=\"http:\/\/cms.tontonextra.com.my\/wp-content\/uploads\/2018\/02\/ajl003.jpg 600w, http:\/\/cms.tontonextra.com.my\/wp-content\/uploads\/2018\/02\/ajl003-500x455.jpg 500w\" sizes=\"(max-width: 600px) 100vw, 600px\" \/><\/p>\n<p>The best vocal performance went to\u00a0Syamel and Erni Zakri who showcased their great synchronising abilities through their song &#8216;Aku Cinta&#8217;.<\/p>\n<p>They also wowed the fans by showing off their powerful vocals throughout the night.<\/p>\n<p>With that strong performance and steady vocals, they won themselves a total of RM12,000, and CJ Wow Shop\u00a0vouchers worth RM2,000.\u00a0<\/p>\n<p>&nbsp;<\/p>\n<p><span style=\"font-size: 18pt;\"><strong>5. Best Performance &#8211;\u00a0Altimet\u00a0<\/strong><\/span><\/p>\n<p><img class=\"aligncenter wp-image-7805 size-full\" src=\"http:\/\/cms.tontonextra.com.my\/wp-content\/uploads\/2018\/02\/ajl006.jpg\" alt=\"\" width=\"600\" height=\"524\" srcset=\"http:\/\/cms.tontonextra.com.my\/wp-content\/uploads\/2018\/02\/ajl006.jpg 600w, http:\/\/cms.tontonextra.com.my\/wp-content\/uploads\/2018\/02\/ajl006-500x437.jpg 500w\" sizes=\"(max-width: 600px) 100vw, 600px\" \/><\/p>\n<p>Just as expected from the response of the crowd,\u00a0Altimet took home the title of &#8216;Best Performance&#8217; with his song &#8216;Amboi&#8217;.<\/p>\n<p>The song is so addicting and fun that the whole crowd sang along with him, hence\u00a0he had won RM12,000 cash, a brand new\u00a0Samsung Galaxy A8 and also a trophy.<\/p>\n<p>&nbsp;<\/p>\n<p><span style=\"font-size: 18pt;\"><strong>6. Samsung Singer of the Year &#8211;\u00a0Khai Bahar\u00a0<\/strong><\/span><\/p>\n<p><img class=\"aligncenter wp-image-7807 size-full\" src=\"http:\/\/cms.tontonextra.com.my\/wp-content\/uploads\/2018\/02\/ajl007.jpg\" alt=\"\" width=\"600\" height=\"519\" srcset=\"http:\/\/cms.tontonextra.com.my\/wp-content\/uploads\/2018\/02\/ajl007.jpg 600w, http:\/\/cms.tontonextra.com.my\/wp-content\/uploads\/2018\/02\/ajl007-500x433.jpg 500w\" sizes=\"(max-width: 600px) 100vw, 600px\" \/><\/p>\n<p>The singer of &#8216;Bayang&#8217; was chosen as Samsung&#8217;s Singer of the Year and he was awarded with a brand new\u00a0Samsung A8+ and a trophy too.<\/p>\n<p>&nbsp;<\/p>\n<p>The most mesmerizing part of Anugerah Juara Lagu 32 was the colourful closing performance &#8216;Pop Yeh Yeh&#8217; that combined all of the classic songs &#8216;Tak Mengapa&#8217;, &#8216;Suzana&#8217;, &#8216;Hidup Bersama&#8217;, &#8216;Syurga Idaman&#8217;, &#8216;Siapa Gerangan&#8217; and &#8216;Kenanganku&#8217;.<\/p>\n<p>All these songs were sang by Malaysia&#8217;s top singers such as\u00a0Datuk A.Rahman Hassan, Datuk Jeffrydin, Datuk Awie, and Siti Sarah!\u00a0<\/p>\n<p>A huge congratulations to all winners of Anugerah Juara Lagu 32!\u00a0<\/p>\n<p>Written by: Chan Suet Yee<\/p>\n","protected":false},"excerpt":{"rendered":"<p>The 32nd Anugerah Juara Lagu ended with an overwhelming response from fans and viewers. Did you catch who the winners are? Here&#8217;s a list of all of them.<\/p>\n","protected":false},"author":2,"featured_media":7808,"comment_status":"open","ping_status":"open","sticky":false,"template":"","format":"standard","meta":[],"categories":[6,414,37],"tags":[3180,475,80,186,2343,11,2188,683,702,2187,3222,1576,335,1438],"image":"http:\/\/cms.tontonextra.com.my\/wp-content\/uploads\/2018\/02\/AJL-FEATURED.jpg","categories_names":["ENTERTAINMENT","Events","FEATURED"],"categories_slug":"entertainment","tags_slug":"ajl","_links":{"self":[{"href":"http:\/\/cms.tontonextra.com.my\/wp-json\/wp\/v2\/posts\/7766"}],"collection":[{"href":"http:\/\/cms.tontonextra.com.my\/wp-json\/wp\/v2\/posts"}],"about":[{"href":"http:\/\/cms.tontonextra.com.my\/wp-json\/wp\/v2\/types\/post"}],"author":[{"embeddable":true,"href":"http:\/\/cms.tontonextra.com.my\/wp-json\/wp\/v2\/users\/2"}],"replies":[{"embeddable":true,"href":"http:\/\/cms.tontonextra.com.my\/wp-json\/wp\/v2\/comments?post=7766"}],"version-history":[{"href":"http:\/\/cms.tontonextra.com.my\/wp-json\/wp\/v2\/posts\/7766\/revisions"}],"wp:featuredmedia":[{"embeddable":true,"href":"http:\/\/cms.tontonextra.com.my\/wp-json\/wp\/v2\/media\/7808"}],"wp:attachment":[{"href":"http:\/\/cms.tontonextra.com.my\/wp-json\/wp\/v2\/media?parent=7766"}],"wp:term":[{"taxonomy":"category","embeddable":true,"href":"http:\/\/cms.tontonextra.com.my\/wp-json\/wp\/v2\/categories?post=7766"},{"taxonomy":"post_tag","embeddable":true,"href":"http:\/\/cms.tontonextra.com.my\/wp-json\/wp\/v2\/tags?post=7766"}],"curies":[{"name":"wp","href":"https:\/\/api.w.org\/{rel}","templated":true}]}},{"id":7753,"date":"2018-02-12T07:14:56","date_gmt":"2018-02-12T07:14:56","guid":{"rendered":"http:\/\/cms.tontonextra.com.my\/?p=7753"},"modified":"2018-02-20T03:44:55","modified_gmt":"2018-02-20T03:44:55","slug":"ajl-32-syamel-nervous-lihat-persembahan-finalis-lain","status":"publish","type":"post","link":"http:\/\/cms.tontonextra.com.my\/ajl-32-syamel-nervous-lihat-persembahan-finalis-lain\/","title":{"rendered":"AJL32 : SYAMEL &#8216;NERVOUS&#8217; LIHAT PERSEMBAHAN FINALIS LAIN"},"content":{"rendered":"<p>Gandingan Syamel dan Ernie Zakri menerusi lagu\u00a0<em>Aku Cinta<\/em>\u00a0ternyata memberi tuah kepada pasangan ini apabila tampil sebagai pemenang Vokal Terbaik di malam kemuncak Anugerah Juara Lagu uke 32, malam tadi.<\/p>\n<p>Syameel Aqmal Mohd Fodzly atau lebih dikenali sebagai Syamel menyifatkan kemenangan bersama Ernie sebagai \u2018ganjaran\u2019 selepas keduanya telah melakukan yang terbaik! Tak sia-sia kan lepas dah berhempas-pulas dengan latihan, akhirnya\u2026<\/p>\n<p>\u201c<em>Macam tak percaya sebab kalau diikutkan vokal Kak Salma antara yang paling menyerlah. Alhamdulillah, ini dinamakan rezeki,\u201d<\/em> komennya.<\/p>\n<p><img class=\"aligncenter size-medium wp-image-7760\" src=\"http:\/\/cms.tontonextra.com.my\/wp-content\/uploads\/2018\/02\/vokal-terbaik-500x500.jpg\" alt=\"\" width=\"500\" height=\"500\" srcset=\"http:\/\/cms.tontonextra.com.my\/wp-content\/uploads\/2018\/02\/vokal-terbaik-500x500.jpg 500w, http:\/\/cms.tontonextra.com.my\/wp-content\/uploads\/2018\/02\/vokal-terbaik-150x150.jpg 150w, http:\/\/cms.tontonextra.com.my\/wp-content\/uploads\/2018\/02\/vokal-terbaik-768x768.jpg 768w, http:\/\/cms.tontonextra.com.my\/wp-content\/uploads\/2018\/02\/vokal-terbaik-1024x1024.jpg 1024w, http:\/\/cms.tontonextra.com.my\/wp-content\/uploads\/2018\/02\/vokal-terbaik.jpg 1080w\" sizes=\"(max-width: 500px) 100vw, 500px\" \/><\/p>\n<p>Penyanyi berusia 25 tahun ini turut berkongsi keadaannya sebelum malam kemuncak AJL berlangsung!<\/p>\n<p>\u201c <em>Kalau nak tahu, saya jarang menyaksikan persembahan penyanyi lain ketika sesi rehearsal. Perasaan cuwak itu akan datang tiba-tiba<\/em>.<\/p>\n<p>\u201c <em>Mulalah saya gelabah apabila persembahan tidak \u2018mencapai piawaian\u2019 seperti artis lain. Jalan selamat, saya jarang tengok persembahan penyanyi lain ketika sesi latihan,\u201d katanya dalam nada berjenaka<\/em>.<\/p>\n<p>Ketika ditanya sama ada Syamel akan meneruskan projek duet bersama Ernie lagi selepas ini, Syamel menyatakan kesudiannya jika diizinkan- Nya.<\/p>\n<p>\u201c <em>Kalau kena dengan waktu sesuai, lagu dan lirik yang bagus, saya dengan tangan terbuka sudi untuk menjadi teman duet Ernie dalam projek akan datang,\u201d <\/em>akhirinya yang tersipu malu apabila diusik dengan soalan \u2018nakal\u2019 media.<\/p>\n<p>Kami di Xtra.com.my mengucapkan Tahniah Syamel &amp; Ernie, <em>you guys did very well, bravo<\/em>! \u00a0<\/p>\n<p>&nbsp;<\/p>\n<div style=\"text-align: center;\"><iframe src=\"https:\/\/www.youtube.com\/embed\/Rt-fgbsMQpM\" width=\"560\" height=\"315\" frameborder=\"0\" allowfullscreen=\"allowfullscreen\"><\/iframe><\/div>\n","protected":false},"excerpt":{"rendered":"<p>Ketika ditanya sama ada Syamel akan meneruskan projek duet bersama Ernie lagi selepas ini, Syamel menyatakan kesudiannya jika diizinkan- Nya&#8230;<\/p>\n","protected":false},"author":10,"featured_media":7759,"comment_status":"open","ping_status":"open","sticky":false,"template":"","format":"standard","meta":[],"categories":[6,37],"tags":[475,1440,10,3051,3214,3215,3216,1443,3048,3217,70,1438],"image":"http:\/\/cms.tontonextra.com.my\/wp-content\/uploads\/2018\/02\/27750012_767502036758303_8582758716606474952_n-1024x682.jpg","categories_names":["ENTERTAINMENT","FEATURED"],"categories_slug":"entertainment","tags_slug":"ajl-32","_links":{"self":[{"href":"http:\/\/cms.tontonextra.com.my\/wp-json\/wp\/v2\/posts\/7753"}],"collection":[{"href":"http:\/\/cms.tontonextra.com.my\/wp-json\/wp\/v2\/posts"}],"about":[{"href":"http:\/\/cms.tontonextra.com.my\/wp-json\/wp\/v2\/types\/post"}],"author":[{"embeddable":true,"href":"http:\/\/cms.tontonextra.com.my\/wp-json\/wp\/v2\/users\/10"}],"replies":[{"embeddable":true,"href":"http:\/\/cms.tontonextra.com.my\/wp-json\/wp\/v2\/comments?post=7753"}],"version-history":[{"href":"http:\/\/cms.tontonextra.com.my\/wp-json\/wp\/v2\/posts\/7753\/revisions"}],"wp:featuredmedia":[{"embeddable":true,"href":"http:\/\/cms.tontonextra.com.my\/wp-json\/wp\/v2\/media\/7759"}],"wp:attachment":[{"href":"http:\/\/cms.tontonextra.com.my\/wp-json\/wp\/v2\/media?parent=7753"}],"wp:term":[{"taxonomy":"category","embeddable":true,"href":"http:\/\/cms.tontonextra.com.my\/wp-json\/wp\/v2\/categories?post=7753"},{"taxonomy":"post_tag","embeddable":true,"href":"http:\/\/cms.tontonextra.com.my\/wp-json\/wp\/v2\/tags?post=7753"}],"curies":[{"name":"wp","href":"https:\/\/api.w.org\/{rel}","templated":true}]}},{"id":7740,"date":"2018-02-12T06:13:22","date_gmt":"2018-02-12T06:13:22","guid":{"rendered":"http:\/\/cms.tontonextra.com.my\/?p=7740"},"modified":"2018-02-12T06:52:14","modified_gmt":"2018-02-12T06:52:14","slug":"hael-tak-boleh-bayang-hidup-tanpa-helena","status":"publish","type":"post","link":"http:\/\/cms.tontonextra.com.my\/hael-tak-boleh-bayang-hidup-tanpa-helena\/","title":{"rendered":"HAEL TAK BOLEH BAYANG HIDUP TANPA HELENA"},"content":{"rendered":"<p>Pemenang trofi Juara Lagu di Anugerah Juara Lagu (AJL) \u00a0Hael Husaini sama sekali tidak menyangka kemenangan besar berpihak kepadanya.<\/p>\n<p>Apa tidaknya, melihat kepada persaingan sengit terutama persembahan \u2018otai\u2019 seperti Dayang Nurfaizah, terkejut Hael dibuatnya!<\/p>\n<p>&#8221; Saya tak pernah bayangkan mendapat tempat sebegini di dalam industri seni suara. Kejayaan ini mungkin pengenalan bagi karier saya. Sungguh saya tak ramal boleh menang pada malam ini, Syukur!,&#8221; katanya yang kagum dengan vokal mantap Ernie Zakrie menerusi persembahan &#8216;Aku Cinta&#8217;.\u00a0\u00a0<\/p>\n<p>Inilah rezeki namanya&#8230;Akui Hael lagi, kemenangannya turut berkait rapat dengan kehadiran Helena dalam hidupnya.<\/p>\n<p>\u201c <em>Saya menumpang rezeki Helena. Sejak kehadiran bayi perempuan comel ini, saya akui rezeki dalam bidang seni semakin mencurah-curah,\u201d<\/em> katanya yang ditemui pada majlis sidang media, semalam.<\/p>\n<p>Kata jejaka berusia 29 tahun ini lagi, Helena merupakan anugerah terindah dalam hidupnya dan kemenangan ini ditujukan khusus untuk bayi comel itu\u2026Alahai, <em>sweet<\/em> la <em>daddy<\/em> Hael ni.<\/p>\n<p>\u201c <em>Saya tidak boleh bayangkan hidup tanpa Helena<\/em>,\u201d ujarnya ringkas.<\/p>\n<p>Malam kemuncak AJL32 menyaksikan lagu Jampi ciptaan Hael dan Ezra Kong, menewaskan 11 lagu lain.<\/p>\n<p>Mereka membawa pulang hadiah wang tunai berjumlah RM50,000, sebuah trofi dan baucar CJ Wow Shop bernilai RM10,000. Tahniah Hael dan Ezra!<\/p>\n<p>Dalam masa sama, Hael yang bergiat aktif dalam mencipta lagu turut memberitahu dia bakal menerbitkan lagu untuk penyanyi nombor satu negara, Datuk Seri Siti Nurhaliza.<\/p>\n<p>&#8220;<em>Insya-Allah, akan ada satu projek khas. Perancangannya dalam tahun ini juga cuma saya tak boleh nak cerita dengan lebih lanjut. Tunggu okay<\/em>,&#8221; katanya.<\/p>\n<p>&nbsp;<\/p>\n","protected":false},"excerpt":{"rendered":"<p>Helena merupakan anugerah terindah dalam hidupnya dan kemenangan ini ditujukan khusus untuk bayi comel itu\u2026Alahai, sweet la daddy Hael ni&#8230;<\/p>\n","protected":false},"author":10,"featured_media":7745,"comment_status":"open","ping_status":"open","sticky":false,"template":"","format":"standard","meta":[],"categories":[6,37],"tags":[475,10,2317,2187,3212,3213],"image":"http:\/\/cms.tontonextra.com.my\/wp-content\/uploads\/2018\/02\/ajl2_1202s-1024x683.jpg","categories_names":["ENTERTAINMENT","FEATURED"],"categories_slug":"entertainment","tags_slug":"ajl-32","_links":{"self":[{"href":"http:\/\/cms.tontonextra.com.my\/wp-json\/wp\/v2\/posts\/7740"}],"collection":[{"href":"http:\/\/cms.tontonextra.com.my\/wp-json\/wp\/v2\/posts"}],"about":[{"href":"http:\/\/cms.tontonextra.com.my\/wp-json\/wp\/v2\/types\/post"}],"author":[{"embeddable":true,"href":"http:\/\/cms.tontonextra.com.my\/wp-json\/wp\/v2\/users\/10"}],"replies":[{"embeddable":true,"href":"http:\/\/cms.tontonextra.com.my\/wp-json\/wp\/v2\/comments?post=7740"}],"version-history":[{"href":"http:\/\/cms.tontonextra.com.my\/wp-json\/wp\/v2\/posts\/7740\/revisions"}],"wp:featuredmedia":[{"embeddable":true,"href":"http:\/\/cms.tontonextra.com.my\/wp-json\/wp\/v2\/media\/7745"}],"wp:attachment":[{"href":"http:\/\/cms.tontonextra.com.my\/wp-json\/wp\/v2\/media?parent=7740"}],"wp:term":[{"taxonomy":"category","embeddable":true,"href":"http:\/\/cms.tontonextra.com.my\/wp-json\/wp\/v2\/categories?post=7740"},{"taxonomy":"post_tag","embeddable":true,"href":"http:\/\/cms.tontonextra.com.my\/wp-json\/wp\/v2\/tags?post=7740"}],"curies":[{"name":"wp","href":"https:\/\/api.w.org\/{rel}","templated":true}]}},{"id":7712,"date":"2018-02-11T15:35:52","date_gmt":"2018-02-11T15:35:52","guid":{"rendered":"http:\/\/cms.tontonextra.com.my\/?p=7712"},"modified":"2018-02-12T09:02:12","modified_gmt":"2018-02-12T09:02:12","slug":"5-best-dressed-celebrities-at-ajl32","status":"publish","type":"post","link":"http:\/\/cms.tontonextra.com.my\/5-best-dressed-celebrities-at-ajl32\/","title":{"rendered":"5 BEST DRESSED CELEBRITIES AT AJL32"},"content":{"rendered":"<p>The 32nd Anugerah Juara Lagu is happening right now at Axiata Stadium Bukit Jalil!<\/p>\n<p>Many amazing local celebrities graced the event and they definitely put on some amazing outfits too. From beautiful princess-like dresses to modern hipster clothes, this star-studded event is truly lit.<\/p>\n<p>Check out some of the best dressed celebrities tonight:<\/p>\n<p><span style=\"font-size: 18pt;\"><strong>1. Elizabeth Tan<\/strong><\/span><\/p>\n<p><img class=\"size-medium wp-image-7713 aligncenter\" src=\"http:\/\/cms.tontonextra.com.my\/wp-content\/uploads\/2018\/02\/IMG-20180211-WA0157-375x500.jpg\" alt=\"\" width=\"375\" height=\"500\" srcset=\"http:\/\/cms.tontonextra.com.my\/wp-content\/uploads\/2018\/02\/IMG-20180211-WA0157-375x500.jpg 375w, http:\/\/cms.tontonextra.com.my\/wp-content\/uploads\/2018\/02\/IMG-20180211-WA0157-768x1024.jpg 768w, http:\/\/cms.tontonextra.com.my\/wp-content\/uploads\/2018\/02\/IMG-20180211-WA0157.jpg 810w\" sizes=\"(max-width: 375px) 100vw, 375px\" \/><\/p>\n<p>Elizabeth Tan isn&#8217;t a model for nothing. She put on a glamourous red dress with lace on the upper body part which portrayed a graceful demeanor.<\/p>\n<p>Elizabeth is also obviously a risk-taker and a rebel as she broke the no.1 red carpet rule; do not wear red when walking down the red carpet.<\/p>\n<p>Regardless, she absolutely nailed it with this red dress tonight.<\/p>\n<p>&nbsp;<\/p>\n<p><span style=\"font-size: 18pt;\"><strong>2 &amp; 3. Jazel Lim &amp; Dennis Yin<\/strong><\/span><\/p>\n<p><img class=\"size-medium wp-image-7722 aligncenter\" src=\"http:\/\/cms.tontonextra.com.my\/wp-content\/uploads\/2018\/02\/IMG-20180211-WA0118-375x500.jpg\" alt=\"\" width=\"375\" height=\"500\" srcset=\"http:\/\/cms.tontonextra.com.my\/wp-content\/uploads\/2018\/02\/IMG-20180211-WA0118-375x500.jpg 375w, http:\/\/cms.tontonextra.com.my\/wp-content\/uploads\/2018\/02\/IMG-20180211-WA0118-768x1024.jpg 768w, http:\/\/cms.tontonextra.com.my\/wp-content\/uploads\/2018\/02\/IMG-20180211-WA0118.jpg 810w\" sizes=\"(max-width: 375px) 100vw, 375px\" \/><\/p>\n<p><img class=\"alignnone size-medium wp-image-7723\" src=\"http:\/\/cms.tontonextra.com.my\/wp-content\/uploads\/2018\/02\/IMG-20180211-WA0173-375x500.jpg\" alt=\"\" width=\"375\" height=\"500\" srcset=\"http:\/\/cms.tontonextra.com.my\/wp-content\/uploads\/2018\/02\/IMG-20180211-WA0173-375x500.jpg 375w, http:\/\/cms.tontonextra.com.my\/wp-content\/uploads\/2018\/02\/IMG-20180211-WA0173-768x1024.jpg 768w, http:\/\/cms.tontonextra.com.my\/wp-content\/uploads\/2018\/02\/IMG-20180211-WA0173.jpg 810w\" sizes=\"(max-width: 375px) 100vw, 375px\" \/>Jazel and Dennis are one of Malaysia&#8217;s many power couples. The pair just looks so stunning tonight.<\/p>\n<p>Jazel is wearing an popping red dress which is a tad bit revealing but somehow makes it look all the more elegant. Dennis on the other hand could not look any dapper in his suit and red shirt.<\/p>\n<p>They too, like Elizabeth, broke the golden rule of the red carpet. But they definitely look outstanding tonight.<\/p>\n<p>&nbsp;<\/p>\n<p><span style=\"font-size: 18pt;\"><strong>4. Ifa Raziah<\/strong><\/span><\/p>\n<p><img class=\"size-medium wp-image-7725 aligncenter\" src=\"http:\/\/cms.tontonextra.com.my\/wp-content\/uploads\/2018\/02\/IMG-20180211-WA0181-375x500.jpg\" alt=\"\" width=\"375\" height=\"500\" srcset=\"http:\/\/cms.tontonextra.com.my\/wp-content\/uploads\/2018\/02\/IMG-20180211-WA0181-375x500.jpg 375w, http:\/\/cms.tontonextra.com.my\/wp-content\/uploads\/2018\/02\/IMG-20180211-WA0181-768x1024.jpg 768w, http:\/\/cms.tontonextra.com.my\/wp-content\/uploads\/2018\/02\/IMG-20180211-WA0181.jpg 810w\" sizes=\"(max-width: 375px) 100vw, 375px\" \/><\/p>\n<p>Ifa is a singer, actress, comedian, entertainer, critic, ambassador, entrepreneur as well as a TV host who is famous in Malaysia, Indonesia and Singapore.<\/p>\n<p>She truly is a multi-talented gem!<\/p>\n<p>On top of all that, she looks royally stunning tonight with her queen-like dress. Who could ever beat a woman like her anyways?<\/p>\n<p>&nbsp;<\/p>\n<p><span style=\"font-size: 18pt;\"><strong>5. Nur Sajat<\/strong><\/span><\/p>\n<p><img class=\"size-medium wp-image-7724 aligncenter\" src=\"http:\/\/cms.tontonextra.com.my\/wp-content\/uploads\/2018\/02\/IMG-20180211-WA0174-375x500.jpg\" alt=\"\" width=\"375\" height=\"500\" srcset=\"http:\/\/cms.tontonextra.com.my\/wp-content\/uploads\/2018\/02\/IMG-20180211-WA0174-375x500.jpg 375w, http:\/\/cms.tontonextra.com.my\/wp-content\/uploads\/2018\/02\/IMG-20180211-WA0174-768x1024.jpg 768w, http:\/\/cms.tontonextra.com.my\/wp-content\/uploads\/2018\/02\/IMG-20180211-WA0174.jpg 810w\" sizes=\"(max-width: 375px) 100vw, 375px\" \/><\/p>\n<p>Nur Sajat absolutely slayed the red carpet with a colourful retro dress. Some may say that the 80&#8217;s are calling back for that outfit but we say it is absolutely jiving.<\/p>\n<p>With one side of her dress being sleeveless and the other in a long sleeve, she&#8217;s got a symmetric edge too her shiny clothes too.<\/p>\n<p>&nbsp;<\/p>\n<p>Who do you think wore their outfits best?<\/p>\n<p>P.S, catch AJL32 live right now on tonton.com.my or xtra.com.my so that you&#8217;re not missing out.<\/p>\n","protected":false},"excerpt":{"rendered":"<p>The Anugerah Juara Lagu 32 is filled with many top celebrities. Check out who donned the best outfits tonight.<\/p>\n","protected":false},"author":8,"featured_media":7803,"comment_status":"open","ping_status":"open","sticky":false,"template":"","format":"standard","meta":[],"categories":[412,6,37],"tags":[3180,475,79,634,3209,186,3210,921,90,11,60,1047,3128,3211,1046,1024,2391],"image":"http:\/\/cms.tontonextra.com.my\/wp-content\/uploads\/2018\/02\/AJL.jpeg","categories_names":["Celeb Buzz","ENTERTAINMENT","FEATURED"],"categories_slug":"celeb-buzz","tags_slug":"ajl","_links":{"self":[{"href":"http:\/\/cms.tontonextra.com.my\/wp-json\/wp\/v2\/posts\/7712"}],"collection":[{"href":"http:\/\/cms.tontonextra.com.my\/wp-json\/wp\/v2\/posts"}],"about":[{"href":"http:\/\/cms.tontonextra.com.my\/wp-json\/wp\/v2\/types\/post"}],"author":[{"embeddable":true,"href":"http:\/\/cms.tontonextra.com.my\/wp-json\/wp\/v2\/users\/8"}],"replies":[{"embeddable":true,"href":"http:\/\/cms.tontonextra.com.my\/wp-json\/wp\/v2\/comments?post=7712"}],"version-history":[{"href":"http:\/\/cms.tontonextra.com.my\/wp-json\/wp\/v2\/posts\/7712\/revisions"}],"wp:featuredmedia":[{"embeddable":true,"href":"http:\/\/cms.tontonextra.com.my\/wp-json\/wp\/v2\/media\/7803"}],"wp:attachment":[{"href":"http:\/\/cms.tontonextra.com.my\/wp-json\/wp\/v2\/media?parent=7712"}],"wp:term":[{"taxonomy":"category","embeddable":true,"href":"http:\/\/cms.tontonextra.com.my\/wp-json\/wp\/v2\/categories?post=7712"},{"taxonomy":"post_tag","embeddable":true,"href":"http:\/\/cms.tontonextra.com.my\/wp-json\/wp\/v2\/tags?post=7712"}],"curies":[{"name":"wp","href":"https:\/\/api.w.org\/{rel}","templated":true}]}},{"id":6961,"date":"2018-02-05T07:21:31","date_gmt":"2018-02-05T07:21:31","guid":{"rendered":"http:\/\/cms.tontonextra.com.my\/?p=6961"},"modified":"2018-02-05T09:14:32","modified_gmt":"2018-02-05T09:14:32","slug":"duet-dengan-wanita-lain-tajul-perlu-masa-extra","status":"publish","type":"post","link":"http:\/\/cms.tontonextra.com.my\/duet-dengan-wanita-lain-tajul-perlu-masa-extra\/","title":{"rendered":"DUET DENGAN WANITA LAIN? TAJUL PERLU MASA &#8216;EXTRA&#8217;"},"content":{"rendered":"<p>&nbsp;<\/p>\n<p><img class=\"size-medium wp-image-6962 aligncenter\" src=\"http:\/\/cms.tontonextra.com.my\/wp-content\/uploads\/2018\/02\/capture-20160303-150946-1-500x290.png\" alt=\"\" width=\"500\" height=\"290\" srcset=\"http:\/\/cms.tontonextra.com.my\/wp-content\/uploads\/2018\/02\/capture-20160303-150946-1-500x290.png 500w, http:\/\/cms.tontonextra.com.my\/wp-content\/uploads\/2018\/02\/capture-20160303-150946-1.png 768w\" sizes=\"(max-width: 500px) 100vw, 500px\" \/><\/p>\n<p>Bakal tampil dengan single terbaru bersama Wany Hasrita, penyanyi Tajul akui dirinya lebih selesa berduet dengan wanita itu berbanding penyanyi wanita lain.<\/p>\n<p>Katanya, keserasian wujud tanpa mengambil masa yang lama jika duet bersama Wany Hasrita. Wah dik, lain macam bunyi ni\u2026<\/p>\n<p>\u00a0\u201c Sedikit masa diperlukan untuk membina perasaan tersebut dengan penyanyi lain,\u201d katanya ringkas.<\/p>\n<p>Keserasian bermula selepas penghasilan duet mereka bertajuk\u00a0<em>Disana Cinta Disini Rindu<\/em>, tahun lalu.<\/p>\n<p>Akui Tajul lagi, <em>chemistry<\/em> tercipta mungkin disebabkan keduanya sudah biasa dan memahami antara satu sama lain.<\/p>\n<p>&#8221; Kalau berduet dengan penyanyi wanita lain memerlukan sedikit masa untuk cipta keserasian itu. Cumanya, jika diberi peluang tak salah untuk saya mencuba,&#8221; beritahu Tajul kepada\u00a0<em>mStar Online<\/em>.<\/p>\n<p>Lagu\u00a0<em>Disana Cinta Disini Rindu<\/em>\u00a0ciptaan komposer Patrick Kamis ternyata menerima sambutan baik pendengar. Buktinya, lagu itu mendapat lebih 11 juta tontonan di laman YouTube sejak dimuat naik sejak Jun 2017.\u00a0<\/p>\n<p>Namun berlainan bagi Wany pula. Wanita cantik manis ini memberitahu dia tiada masalah jika berduet dengan mana-mana penyanyi lelaki lain.<\/p>\n<p>\u201c Saya bersikap profesional dan menjadikan gandingan tersebut diterima ramai sama seperti lagu terdahulu.<\/p>\n<p>&#8220;Saya tak kisah jika perlu berduet dengan penyanyi lain. Soal kerja saya kena profesional dan melakukan sebaik mungkin. Saya percaya kalau kita buat sesuatu dengan ikhlas, Insya-Allah peminat akan terima dan tak salah kita cuba sesuatu yang baru.<\/p>\n<p>&#8220;Lagipun sekarang ni saya banyak terima tawaran persembahan dengan penyanyi-penyanyi lelaki lain seperti Khai Bahar dan ramai lagi, jadi tak ada masalah tentang hal ini,&#8221; katanya.<\/p>\n<p>&nbsp;<\/p>\n<p>&nbsp;<\/p>\n<p>&nbsp;<\/p>\n<p>&nbsp;<\/p>\n","protected":false},"excerpt":{"rendered":"<p>&nbsp; Bakal tampil dengan single terbaru bersama Wany Hasrita, penyanyi Tajul akui dirinya lebih selesa berduet dengan wanita itu berbanding penyanyi wanita lain. Katanya, keserasian wujud tanpa mengambil masa yang lama jika duet bersama Wany Hasrita. Wah dik, lain macam bunyi ni\u2026 \u00a0\u201c Sedikit masa diperlukan untuk membina perasaan tersebut dengan penyanyi lain,\u201d katanya ringkas. [&hellip;]<\/p>\n","protected":false},"author":10,"featured_media":6962,"comment_status":"open","ping_status":"open","sticky":false,"template":"","format":"standard","meta":[],"categories":[412,37],"tags":[475,2808,2806,2805,2807,2804,2190],"image":"http:\/\/cms.tontonextra.com.my\/wp-content\/uploads\/2018\/02\/capture-20160303-150946-1.png","categories_names":["Celeb Buzz","FEATURED"],"categories_slug":"celeb-buzz","tags_slug":"ajl-32","_links":{"self":[{"href":"http:\/\/cms.tontonextra.com.my\/wp-json\/wp\/v2\/posts\/6961"}],"collection":[{"href":"http:\/\/cms.tontonextra.com.my\/wp-json\/wp\/v2\/posts"}],"about":[{"href":"http:\/\/cms.tontonextra.com.my\/wp-json\/wp\/v2\/types\/post"}],"author":[{"embeddable":true,"href":"http:\/\/cms.tontonextra.com.my\/wp-json\/wp\/v2\/users\/10"}],"replies":[{"embeddable":true,"href":"http:\/\/cms.tontonextra.com.my\/wp-json\/wp\/v2\/comments?post=6961"}],"version-history":[{"href":"http:\/\/cms.tontonextra.com.my\/wp-json\/wp\/v2\/posts\/6961\/revisions"}],"wp:featuredmedia":[{"embeddable":true,"href":"http:\/\/cms.tontonextra.com.my\/wp-json\/wp\/v2\/media\/6962"}],"wp:attachment":[{"href":"http:\/\/cms.tontonextra.com.my\/wp-json\/wp\/v2\/media?parent=6961"}],"wp:term":[{"taxonomy":"category","embeddable":true,"href":"http:\/\/cms.tontonextra.com.my\/wp-json\/wp\/v2\/categories?post=6961"},{"taxonomy":"post_tag","embeddable":true,"href":"http:\/\/cms.tontonextra.com.my\/wp-json\/wp\/v2\/tags?post=6961"}],"curies":[{"name":"wp","href":"https:\/\/api.w.org\/{rel}","templated":true}]}},{"id":480,"date":"2017-11-15T07:41:58","date_gmt":"2017-11-14T23:41:58","guid":{"rendered":"http:\/\/cms.tontonextra.com.my\/?p=480"},"modified":"2018-09-17T11:32:12","modified_gmt":"2018-09-17T03:32:12","slug":"bersyukur-boleh-tak-ayda-jebat","status":"publish","type":"post","link":"http:\/\/cms.tontonextra.com.my\/bersyukur-boleh-tak-ayda-jebat\/","title":{"rendered":"AYDA KECEWA; NETIZEN KECAM!"},"content":{"rendered":"<p>Tak habis-habis lagi dengan cerita finalis AJL32? Kalau sebelum ini Altimet dengan lagu <em>amboi<\/em> nya selamba dikritik di laman twitter sehinggakan Altimet sendiri meminta kepada para <em>keyboard warrior<\/em> agar menggunakan #TakNakAmboi sebagai tanda protes lagu itu tidak sesuai disenaraikan di Pentas AJL32, kali ini giliran Ayda Jebat pula dikecam netizen dan dilabel sebagai tidak bersyukur atas keputusan juri.<\/p>\n<p><img class=\"alignnone wp-image-494 size-full\" src=\"http:\/\/cms.tontonextra.com.my\/wp-content\/uploads\/2017\/11\/23507278_522594608101614_520888247769890816_n-1.jpg\" alt=\"\" width=\"1080\" height=\"1350\" srcset=\"http:\/\/cms.tontonextra.com.my\/wp-content\/uploads\/2017\/11\/23507278_522594608101614_520888247769890816_n-1.jpg 1080w, http:\/\/cms.tontonextra.com.my\/wp-content\/uploads\/2017\/11\/23507278_522594608101614_520888247769890816_n-1-240x300.jpg 240w, http:\/\/cms.tontonextra.com.my\/wp-content\/uploads\/2017\/11\/23507278_522594608101614_520888247769890816_n-1-768x960.jpg 768w, http:\/\/cms.tontonextra.com.my\/wp-content\/uploads\/2017\/11\/23507278_522594608101614_520888247769890816_n-1-819x1024.jpg 819w\" sizes=\"(max-width: 1080px) 100vw, 1080px\" \/><\/p>\n<p>Bagi Netizen, Ayda seharusnya bersyukur dan menerima keputusan dengan hati yang terbuka memandangkan Ayda antara finalis yang layak berentap di SFMM32.<\/p>\n<p>Pihak Pengurusan Ayda Jebat turut\u00a0 memberitahu, \u00a0mungkin sebelum ini ada cakap-cakap ataupun status yang dimuat naik berbaur sindiran daripada Ayda Jebat yang boleh menyebabkan ramai pihak terasa hati dengan tindakannya itu. Namun, mungkin itu adalah cara beliau menunjukkan rasa kecewa terhadap\u00a0 pemilihan \u00a0finalis yang akan beraksi di pentas AJL32 nanti.<\/p>\n<p><img class=\"alignnone wp-image-482 size-full\" src=\"http:\/\/cms.tontonextra.com.my\/wp-content\/uploads\/2017\/11\/ayda-jebat-status-on-insta-1.jpg\" alt=\"\" width=\"932\" height=\"448\" srcset=\"http:\/\/cms.tontonextra.com.my\/wp-content\/uploads\/2017\/11\/ayda-jebat-status-on-insta-1.jpg 932w, http:\/\/cms.tontonextra.com.my\/wp-content\/uploads\/2017\/11\/ayda-jebat-status-on-insta-1-300x144.jpg 300w, http:\/\/cms.tontonextra.com.my\/wp-content\/uploads\/2017\/11\/ayda-jebat-status-on-insta-1-768x369.jpg 768w\" sizes=\"(max-width: 932px) 100vw, 932px\" \/><\/p>\n<p>&nbsp;<\/p>\n<p><img class=\"wp-image-533 size-full\" src=\"http:\/\/cms.tontonextra.com.my\/wp-content\/uploads\/2017\/11\/status-ayda-1.jpg\" alt=\"\" width=\"931\" height=\"442\" srcset=\"http:\/\/cms.tontonextra.com.my\/wp-content\/uploads\/2017\/11\/status-ayda-1.jpg 931w, http:\/\/cms.tontonextra.com.my\/wp-content\/uploads\/2017\/11\/status-ayda-1-300x142.jpg 300w, http:\/\/cms.tontonextra.com.my\/wp-content\/uploads\/2017\/11\/status-ayda-1-768x365.jpg 768w\" sizes=\"(max-width: 931px) 100vw, 931px\" \/><\/p>\n<p>&nbsp;<\/p>\n<div id=\"attachment_534\" style=\"width: 830px\" class=\"wp-caption alignnone\"><img class=\"wp-image-534 size-full\" src=\"http:\/\/cms.tontonextra.com.my\/wp-content\/uploads\/2017\/11\/statement-ayda-jebat.jpg\" alt=\"\" width=\"820\" height=\"571\" srcset=\"http:\/\/cms.tontonextra.com.my\/wp-content\/uploads\/2017\/11\/statement-ayda-jebat.jpg 820w, http:\/\/cms.tontonextra.com.my\/wp-content\/uploads\/2017\/11\/statement-ayda-jebat-300x209.jpg 300w, http:\/\/cms.tontonextra.com.my\/wp-content\/uploads\/2017\/11\/statement-ayda-jebat-768x535.jpg 768w\" sizes=\"(max-width: 820px) 100vw, 820px\" \/><p class=\"wp-caption-text\">antara status yang telah dimuat naik oleh Ayda<\/p><\/div>\n<p>Kalau melihat kepada persembahan Ayda pada malam itu, memang tidak dinafikan banyak perubahan baik dapat dilihat. Terutamanya, dari aspek vokal dan persembahan. Tetapi, bagai sudah tertulis, bukan rezeki Ayda Jebat untuk mempertaruhkan lagu Mata ciptaan Audi Mok dan dirinya sendiri untuk disenaraikan sebagai antara Finalis yang berentap nanti.<\/p>\n<div id=\"attachment_493\" style=\"width: 1090px\" class=\"wp-caption alignnone\"><img class=\"wp-image-493 size-full\" src=\"http:\/\/cms.tontonextra.com.my\/wp-content\/uploads\/2017\/11\/23498552_379728069127976_1947129045753790464_n-1.jpg\" alt=\"\" width=\"1080\" height=\"773\" srcset=\"http:\/\/cms.tontonextra.com.my\/wp-content\/uploads\/2017\/11\/23498552_379728069127976_1947129045753790464_n-1.jpg 1080w, http:\/\/cms.tontonextra.com.my\/wp-content\/uploads\/2017\/11\/23498552_379728069127976_1947129045753790464_n-1-300x215.jpg 300w, http:\/\/cms.tontonextra.com.my\/wp-content\/uploads\/2017\/11\/23498552_379728069127976_1947129045753790464_n-1-768x550.jpg 768w, http:\/\/cms.tontonextra.com.my\/wp-content\/uploads\/2017\/11\/23498552_379728069127976_1947129045753790464_n-1-1024x733.jpg 1024w\" sizes=\"(max-width: 1080px) 100vw, 1080px\" \/><p class=\"wp-caption-text\">Persembahan bertenaga Ayda Jebat semasa SFMM32 minggu pertama<\/p><\/div>\n<p>Kalau dilihat, setiap kali Ayda memuat naik status di instagramnya itu, netizen juga tidak putus-putus mengambil peluang\u00a0 memberi serangan balas diruangan komen Ayda.<\/p>\n<p><img class=\"alignnone wp-image-535 size-full\" src=\"http:\/\/cms.tontonextra.com.my\/wp-content\/uploads\/2017\/11\/kecam-2.jpg\" alt=\"\" width=\"333\" height=\"398\" srcset=\"http:\/\/cms.tontonextra.com.my\/wp-content\/uploads\/2017\/11\/kecam-2.jpg 333w, http:\/\/cms.tontonextra.com.my\/wp-content\/uploads\/2017\/11\/kecam-2-251x300.jpg 251w\" sizes=\"(max-width: 333px) 100vw, 333px\" \/><\/p>\n<p><img class=\"alignnone wp-image-536 \" src=\"http:\/\/cms.tontonextra.com.my\/wp-content\/uploads\/2017\/11\/kecam-3-e1510733888820.jpg\" alt=\"\" width=\"372\" height=\"380\" \/><\/p>\n<div id=\"attachment_537\" style=\"width: 347px\" class=\"wp-caption alignnone\"><img class=\"wp-image-537 size-full\" src=\"http:\/\/cms.tontonextra.com.my\/wp-content\/uploads\/2017\/11\/kecam-4.jpg\" alt=\"\" width=\"337\" height=\"448\" srcset=\"http:\/\/cms.tontonextra.com.my\/wp-content\/uploads\/2017\/11\/kecam-4.jpg 337w, http:\/\/cms.tontonextra.com.my\/wp-content\/uploads\/2017\/11\/kecam-4-226x300.jpg 226w\" sizes=\"(max-width: 337px) 100vw, 337px\" \/><p class=\"wp-caption-text\">antara kecaman netizen terhadap Ayda<\/p><\/div>\n<p>Kepada Ayda Jebat, mungkin Ayda boleh belajar untuk menerima keputusan secara positif dan bertindak secara profesional kerana setiap lagu telahpun dipilih oleh barisan Juri yang bukan calang-calang orangnya.<\/p>\n<p>Semoga terus sukses ya Ayda!<\/p>\n<p>&nbsp;<\/p>\n<p>&nbsp;<\/p>\n<p>&nbsp;<\/p>\n","protected":false},"excerpt":{"rendered":"<p>Sebagai tanda protes lagu itu tidak sesuai disenaraikan di Pentas AJL32, kali ini giliran Ayda Jebat pula dikecam netizen dan dilabel sebagai tidak bersyukur atas keputusan juri.<\/p>\n","protected":false},"author":6,"featured_media":519,"comment_status":"open","ping_status":"open","sticky":false,"template":"","format":"standard","meta":[],"categories":[412,6],"tags":[475,100,10,72,70,142,436,185,78,438],"image":"http:\/\/cms.tontonextra.com.my\/wp-content\/uploads\/2017\/11\/22427362_838960919604836_4732006469208113152_n-1024x1024.jpg","categories_names":["Celeb Buzz","ENTERTAINMENT"],"categories_slug":"celeb-buzz","tags_slug":"ajl-32","_links":{"self":[{"href":"http:\/\/cms.tontonextra.com.my\/wp-json\/wp\/v2\/posts\/480"}],"collection":[{"href":"http:\/\/cms.tontonextra.com.my\/wp-json\/wp\/v2\/posts"}],"about":[{"href":"http:\/\/cms.tontonextra.com.my\/wp-json\/wp\/v2\/types\/post"}],"author":[{"embeddable":true,"href":"http:\/\/cms.tontonextra.com.my\/wp-json\/wp\/v2\/users\/6"}],"replies":[{"embeddable":true,"href":"http:\/\/cms.tontonextra.com.my\/wp-json\/wp\/v2\/comments?post=480"}],"version-history":[{"href":"http:\/\/cms.tontonextra.com.my\/wp-json\/wp\/v2\/posts\/480\/revisions"}],"wp:featuredmedia":[{"embeddable":true,"href":"http:\/\/cms.tontonextra.com.my\/wp-json\/wp\/v2\/media\/519"}],"wp:attachment":[{"href":"http:\/\/cms.tontonextra.com.my\/wp-json\/wp\/v2\/media?parent=480"}],"wp:term":[{"taxonomy":"category","embeddable":true,"href":"http:\/\/cms.tontonextra.com.my\/wp-json\/wp\/v2\/categories?post=480"},{"taxonomy":"post_tag","embeddable":true,"href":"http:\/\/cms.tontonextra.com.my\/wp-json\/wp\/v2\/tags?post=480"}],"curies":[{"name":"wp","href":"https:\/\/api.w.org\/{rel}","templated":true}]}}]